series_id,category1_id,category2_id,category3_id,category4_id,category5_id,category6_id,category7_id,category8_id,category9_id,geoset_id
ELEC.GEN.ALL-AK-99.A,0,1,,,,,,,,ELEC.GEN.ALL-99.A
ELEC.SALES.AK-ALL.A,0,38,,,,,,,,ELEC.SALES.ALL.A
ELEC.PRICE.AK-ALL.A,0,40,,,,,,,,ELEC.PRICE.ALL.A
ELEC.REV.AK-ALL.A,0,39,,,,,,,,ELEC.REV.ALL.A
ELEC.COST.COW-AK-99.M,0,41140,41151,41393,,,,,,ELEC.COST.COW-99.A
ELEC.COST.BIT-US-99.A,0,41140,41151,41394,,,,,,ELEC.COST.BIT-99.A
ELEC.COST.SUB-US-99.A,0,41140,41151,41395,,,,,,ELEC.COST.SUB-99.A
ELEC.COST.LIG-US-99.A,0,41140,41151,41396,,,,,,ELEC.COST.LIG-99.A
ELEC.COST.PEL-AK-99.M,0,41140,41151,41397,,,,,,ELEC.COST.PEL-99.A
ELEC.COST.PC-ENC-99.M,0,41140,41151,41398,,,,,,ELEC.COST.PC-99.A
ELEC.RECEIPTS_BTU.PC-CA-99.A,0,41139,41149,41380,,,,,,ELEC.RECEIPTS_BTU.PC-99.A
ELEC.RECEIPTS_BTU.LIG-ESC-99.A,0,41139,41149,41378,,,,,,ELEC.RECEIPTS_BTU.LIG-99.A
ELEC.COST.NG-AK-99.M,0,41140,41151,41399,,,,,,ELEC.COST.NG-99.A
ELEC.COST_BTU.COW-AK-99.M,0,41141,41153,41411,,,,,,ELEC.COST_BTU.COW-99.A
ELEC.COST_BTU.BIT-US-99.A,0,41141,41153,41412,,,,,,ELEC.COST_BTU.BIT-99.A
ELEC.COST_BTU.SUB-US-99.A,0,41141,41153,41413,,,,,,ELEC.COST_BTU.SUB-99.A
ELEC.COST_BTU.LIG-US-99.A,0,41141,41153,41414,,,,,,ELEC.COST_BTU.LIG-99.A
ELEC.COST_BTU.PEL-AK-99.M,0,41141,41153,41415,,,,,,ELEC.COST_BTU.PEL-99.A
ELEC.RECEIPTS_BTU.COW-AK-99.A,0,41139,41149,41375,,,,,,ELEC.RECEIPTS_BTU.COW-99.A
ELEC.COST_BTU.PC-ENC-99.M,0,41141,41153,41416,,,,,,ELEC.COST_BTU.PC-99.A
ELEC.COST_BTU.NG-AK-99.M,0,41141,41153,41417,,,,,,ELEC.COST_BTU.NG-99.A
ELEC.RECEIPTS.COW-AK-99.A,0,41138,41147,41203,,,,,,ELEC.RECEIPTS.COW-99.A
ELEC.RECEIPTS.BIT-AL-99.A,0,41138,41147,41204,,,,,,ELEC.RECEIPTS.BIT-99.A
ELEC.RECEIPTS.SUB-AK-99.A,0,41138,41147,41205,,,,,,ELEC.RECEIPTS.SUB-99.A
ELEC.RECEIPTS.LIG-ESC-99.A,0,41138,41147,41206,,,,,,ELEC.RECEIPTS.LIG-99.A
ELEC.RECEIPTS.PEL-AK-99.A,0,41138,41147,41207,,,,,,ELEC.RECEIPTS.PEL-99.A
ELEC.RECEIPTS.PC-CA-99.A,0,41138,41147,41208,,,,,,ELEC.RECEIPTS.PC-99.A
ELEC.RECEIPTS.NG-AK-99.A,0,41138,41147,41209,,,,,,ELEC.RECEIPTS.NG-99.A
ELEC.RECEIPTS_BTU.BIT-AL-99.A,0,41139,41149,41376,,,,,,ELEC.RECEIPTS_BTU.BIT-99.A
ELEC.RECEIPTS_BTU.SUB-AK-99.A,0,41139,41149,41377,,,,,,ELEC.RECEIPTS_BTU.SUB-99.A
ELEC.CONS_TOT_BTU.COW-AK-99.A,0,32,373,384,,,,,,ELEC.CONS_TOT_BTU.COW-99.A
ELEC.CONS_TOT_BTU.PEL-AK-99.A,0,32,373,385,,,,,,ELEC.CONS_TOT_BTU.PEL-99.A
ELEC.CONS_TOT_BTU.PC-AR-99.A,0,32,373,386,,,,,,ELEC.CONS_TOT_BTU.PC-99.A
ELEC.CONS_TOT_BTU.NG-AK-99.A,0,32,373,387,,,,,,ELEC.CONS_TOT_BTU.NG-99.A
ELEC.CONS_EG_BTU.COW-AK-99.A,0,33,375,399,,,,,,ELEC.CONS_EG_BTU.COW-99.A
ELEC.CONS_EG_BTU.PEL-AK-99.A,0,33,375,400,,,,,,ELEC.CONS_EG_BTU.PEL-99.A
ELEC.CONS_EG_BTU.PC-AR-99.A,0,33,375,401,,,,,,ELEC.CONS_EG_BTU.PC-99.A
ELEC.CONS_EG_BTU.NG-AK-99.A,0,33,375,402,,,,,,ELEC.CONS_EG_BTU.NG-99.A
ELEC.CONS_UTO_BTU.COW-AK-99.A,0,34,377,414,,,,,,ELEC.CONS_UTO_BTU.COW-99.A
ELEC.CONS_UTO_BTU.PEL-AK-99.A,0,34,377,415,,,,,,ELEC.CONS_UTO_BTU.PEL-99.A
ELEC.CONS_UTO_BTU.PC-AR-99.A,0,34,377,416,,,,,,ELEC.CONS_UTO_BTU.PC-99.A
ELEC.CONS_UTO_BTU.NG-AK-99.A,0,34,377,417,,,,,,ELEC.CONS_UTO_BTU.NG-99.A
ELEC.RECEIPTS_BTU.PEL-AK-99.A,0,41139,41149,41379,,,,,,ELEC.RECEIPTS_BTU.PEL-99.A
ELEC.RECEIPTS_BTU.NG-AK-99.A,0,41139,41149,41381,,,,,,ELEC.RECEIPTS_BTU.NG-99.A
ELEC.CONS_TOT.COW-AK-99.A,0,35,379,429,,,,,,ELEC.CONS_TOT.COW-99.A
ELEC.CONS_TOT.PEL-AK-99.A,0,35,379,430,,,,,,ELEC.CONS_TOT.PEL-99.A
ELEC.CONS_TOT.PC-AR-99.A,0,35,379,431,,,,,,ELEC.CONS_TOT.PC-99.A
ELEC.CONS_TOT.NG-AK-99.A,0,35,379,432,,,,,,ELEC.CONS_TOT.NG-99.A
ELEC.CONS_EG.COW-AK-99.A,0,36,381,444,,,,,,ELEC.CONS_EG.COW-99.A
ELEC.CONS_EG.PEL-AK-99.A,0,36,381,445,,,,,,ELEC.CONS_EG.PEL-99.A
ELEC.CONS_EG.PC-AR-99.A,0,36,381,446,,,,,,ELEC.CONS_EG.PC-99.A
ELEC.CONS_EG.NG-AK-99.A,0,36,381,447,,,,,,ELEC.CONS_EG.NG-99.A
ELEC.CONS_UTO.COW-AK-99.A,0,37,383,459,,,,,,ELEC.CONS_UTO.COW-99.A
ELEC.CONS_UTO.PC-AR-99.A,0,37,383,461,,,,,,ELEC.CONS_UTO.PC-99.A
ELEC.CONS_UTO.NG-AK-99.A,0,37,383,462,,,,,,ELEC.CONS_UTO.NG-99.A
ELEC.SULFUR_CONTENT.COW-AK-99.A,0,41142,41155,41429,,,,,,ELEC.SULFUR_CONTENT.COW-99.A
ELEC.SULFUR_CONTENT.BIT-AL-99.A,0,41142,41155,41430,,,,,,ELEC.SULFUR_CONTENT.BIT-99.A
ELEC.SULFUR_CONTENT.SUB-AK-99.A,0,41142,41155,41431,,,,,,ELEC.SULFUR_CONTENT.SUB-99.A
ELEC.SULFUR_CONTENT.LIG-ESC-99.A,0,41142,41155,41432,,,,,,ELEC.SULFUR_CONTENT.LIG-99.A
ELEC.SULFUR_CONTENT.PEL-AK-99.A,0,41142,41155,41433,,,,,,ELEC.SULFUR_CONTENT.PEL-99.A
ELEC.SULFUR_CONTENT.PC-CA-99.A,0,41142,41155,41434,,,,,,ELEC.SULFUR_CONTENT.PC-99.A
ELEC.ASH_CONTENT.COW-AK-99.A,0,41143,41157,41447,,,,,,ELEC.ASH_CONTENT.COW-99.A
ELEC.ASH_CONTENT.BIT-AL-99.A,0,41143,41157,41448,,,,,,ELEC.ASH_CONTENT.BIT-99.A
ELEC.ASH_CONTENT.SUB-AK-99.A,0,41143,41157,41449,,,,,,ELEC.ASH_CONTENT.SUB-99.A
ELEC.ASH_CONTENT.LIG-ESC-99.A,0,41143,41157,41450,,,,,,ELEC.ASH_CONTENT.LIG-99.A
ELEC.ASH_CONTENT.PC-CA-99.A,0,41143,41157,41452,,,,,,ELEC.ASH_CONTENT.PC-99.A
ELEC.CONS_UTO.PEL-AK-99.A,0,37,383,460,,,,,,ELEC.CONS_UTO.PEL-99.A
ELEC.SULFUR_CONTENT.BIT-AL-97.A,0,41142,41154,41444,41984,,,,,ELEC.SULFUR_CONTENT.BIT-97.A
ELEC.SULFUR_CONTENT.SUB-AZ-97.A,0,41142,41154,41444,41985,,,,,ELEC.SULFUR_CONTENT.SUB-97.A
ELEC.SULFUR_CONTENT.LIG-LA-97.A,0,41142,41154,41444,41986,,,,,ELEC.SULFUR_CONTENT.LIG-97.A
ELEC.SULFUR_CONTENT.PEL-AK-97.A,0,41142,41154,41444,41987,,,,,ELEC.SULFUR_CONTENT.PEL-97.A
ELEC.SULFUR_CONTENT.PC-CA-97.A,0,41142,41154,41444,41988,,,,,ELEC.SULFUR_CONTENT.PC-97.A
ELEC.COST_BTU.NG-CT-96.M,0,41141,41152,41423,41814,,,,,ELEC.COST_BTU.NG-96.A
ELEC.SULFUR_CONTENT.COW-ENC-6.A,0,41142,41154,41445,41990,,,,,ELEC.SULFUR_CONTENT.COW-6.A
ELEC.SULFUR_CONTENT.BIT-ENC-6.A,0,41142,41154,41445,41991,,,,,ELEC.SULFUR_CONTENT.BIT-6.A
ELEC.SULFUR_CONTENT.SUB-MAT-6.A,0,41142,41154,41445,41992,,,,,ELEC.SULFUR_CONTENT.SUB-6.A
ELEC.SULFUR_CONTENT.LIG-TX-6.A,0,41142,41154,41445,41993,,,,,ELEC.SULFUR_CONTENT.LIG-6.A
ELEC.SULFUR_CONTENT.PEL-AK-6.A,0,41142,41154,41445,41994,,,,,ELEC.SULFUR_CONTENT.PEL-6.A
ELEC.CONS_UTO_BTU.PEL-AK-5.A,0,34,376,425,855,,,,,ELEC.CONS_UTO_BTU.PEL-5.A
ELEC.SULFUR_CONTENT.COW-AL-7.A,0,41142,41154,41446,41997,,,,,ELEC.SULFUR_CONTENT.COW-7.A
ELEC.SULFUR_CONTENT.BIT-AL-7.A,0,41142,41154,41446,41998,,,,,ELEC.SULFUR_CONTENT.BIT-7.A
ELEC.SULFUR_CONTENT.SUB-AZ-7.A,0,41142,41154,41446,41999,,,,,ELEC.SULFUR_CONTENT.SUB-7.A
ELEC.SULFUR_CONTENT.LIG-LA-7.A,0,41142,41154,41446,42000,,,,,ELEC.SULFUR_CONTENT.LIG-7.A
ELEC.SULFUR_CONTENT.PEL-AK-7.A,0,41142,41154,41446,42001,,,,,ELEC.SULFUR_CONTENT.PEL-7.A
ELEC.SULFUR_CONTENT.PC-CA-7.A,0,41142,41154,41446,42002,,,,,ELEC.SULFUR_CONTENT.PC-7.A
ELEC.CONS_EG_BTU.PEL-AK-6.A,0,33,374,412,819,,,,,ELEC.CONS_EG_BTU.PEL-6.A
ELEC.SULFUR_CONTENT.COW-AK-94.A,0,41142,41154,41438,41941,,,,,ELEC.SULFUR_CONTENT.COW-94.A
ELEC.COST_BTU.PEL-US-4.A,0,41141,41152,41424,41819,,,,,ELEC.COST_BTU.PEL-4.A
ELEC.RECEIPTS_BTU.NG-AK-1.A,0,41139,41148,41383,41478,,,,,ELEC.RECEIPTS_BTU.NG-1.A
ELEC.SULFUR_CONTENT.PEL-CT-3.A,0,41142,41154,41440,41959,,,,,ELEC.SULFUR_CONTENT.PEL-3.A
ELEC.CONS_UTO_BTU.NG-AK-97.A,0,34,376,426,861,,,,,ELEC.CONS_UTO_BTU.NG-97.A
ELEC.CONS_EG_BTU.PC-LA-6.A,0,33,374,412,820,,,,,ELEC.CONS_EG_BTU.PC-6.A
ELEC.SULFUR_CONTENT.BIT-AL-94.A,0,41142,41154,41438,41942,,,,,ELEC.SULFUR_CONTENT.BIT-94.A
ELEC.SULFUR_CONTENT.PC-TX-6.A,0,41142,41154,41445,41995,,,,,ELEC.SULFUR_CONTENT.PC-6.A
ELEC.CONS_UTO_BTU.COW-AL-7.A,0,34,376,428,866,,,,,ELEC.CONS_UTO_BTU.COW-7.A
ELEC.CONS_UTO_BTU.PEL-AK-7.A,0,34,376,428,867,,,,,ELEC.CONS_UTO_BTU.PEL-7.A
ELEC.ASH_CONTENT.BIT-DE-2.A,0,41143,41156,41457,42103,,,,,ELEC.ASH_CONTENT.BIT-2.A
ELEC.ASH_CONTENT.BIT-ENC-6.A,0,41143,41156,41463,42145,,,,,ELEC.ASH_CONTENT.BIT-6.A
ELEC.CONS_UTO_BTU.PC-AR-7.A,0,34,376,428,868,,,,,ELEC.CONS_UTO_BTU.PC-7.A
ELEC.CONS_UTO_BTU.NG-AK-7.A,0,34,376,428,869,,,,,ELEC.CONS_UTO_BTU.NG-7.A
ELEC.ASH_CONTENT.COW-AK-98.A,0,41143,41156,41454,42081,,,,,ELEC.ASH_CONTENT.COW-98.A
ELEC.ASH_CONTENT.BIT-AL-98.A,0,41143,41156,41454,42082,,,,,ELEC.ASH_CONTENT.BIT-98.A
ELEC.ASH_CONTENT.SUB-AK-98.A,0,41143,41156,41454,42083,,,,,ELEC.ASH_CONTENT.SUB-98.A
ELEC.ASH_CONTENT.LIG-ESC-98.A,0,41143,41156,41454,42084,,,,,ELEC.ASH_CONTENT.LIG-98.A
ELEC.COST_BTU.BIT-US-97.A,0,41141,41152,41426,41830,,,,,ELEC.COST_BTU.BIT-97.A
ELEC.ASH_CONTENT.PC-CA-98.A,0,41143,41156,41454,42086,,,,,ELEC.ASH_CONTENT.PC-98.A
ELEC.ASH_CONTENT.COW-AK-1.A,0,41143,41156,41455,42088,,,,,ELEC.ASH_CONTENT.COW-1.A
ELEC.SULFUR_CONTENT.COW-AR-2.A,0,41142,41154,41439,41948,,,,,ELEC.SULFUR_CONTENT.COW-2.A
ELEC.ASH_CONTENT.SUB-AK-1.A,0,41143,41156,41455,42090,,,,,ELEC.ASH_CONTENT.SUB-1.A
ELEC.COST_BTU.SUB-US-97.A,0,41141,41152,41426,41831,,,,,ELEC.COST_BTU.SUB-97.A
ELEC.ASH_CONTENT.PC-ENC-1.A,0,41143,41156,41455,42093,,,,,ELEC.ASH_CONTENT.PC-1.A
ELEC.ASH_CONTENT.COW-AK-94.A,0,41143,41156,41456,42095,,,,,ELEC.ASH_CONTENT.COW-94.A
ELEC.ASH_CONTENT.BIT-AL-94.A,0,41143,41156,41456,42096,,,,,ELEC.ASH_CONTENT.BIT-94.A
ELEC.COST_BTU.LIG-US-97.A,0,41141,41152,41426,41832,,,,,ELEC.COST_BTU.LIG-97.A
ELEC.ASH_CONTENT.LIG-ESC-94.A,0,41143,41156,41456,42098,,,,,ELEC.ASH_CONTENT.LIG-94.A
ELEC.CONS_EG_BTU.COW-AL-7.A,0,33,374,413,822,,,,,ELEC.CONS_EG_BTU.COW-7.A
ELEC.SULFUR_CONTENT.LIG-ESC-94.A,0,41142,41154,41438,41944,,,,,ELEC.SULFUR_CONTENT.LIG-94.A
ELEC.ASH_CONTENT.COW-AR-2.A,0,41143,41156,41457,42102,,,,,ELEC.ASH_CONTENT.COW-2.A
ELEC.COST_BTU.PEL-ENC-97.M,0,41141,41152,41426,41833,,,,,ELEC.COST_BTU.PEL-97.A
ELEC.ASH_CONTENT.SUB-AR-2.A,0,41143,41156,41457,42104,,,,,ELEC.ASH_CONTENT.SUB-2.A
ELEC.ASH_CONTENT.LIG-ESC-2.A,0,41143,41156,41457,42105,,,,,ELEC.ASH_CONTENT.LIG-2.A
ELEC.ASH_CONTENT.PC-CA-2.A,0,41143,41156,41457,42107,,,,,ELEC.ASH_CONTENT.PC-2.A
ELEC.COST_BTU.PC-US-97.A,0,41141,41152,41426,41834,,,,,ELEC.COST_BTU.PC-97.A
ELEC.ASH_CONTENT.BIT-AL-3.A,0,41143,41156,41458,42110,,,,,ELEC.ASH_CONTENT.BIT-3.A
ELEC.ASH_CONTENT.SUB-AK-3.A,0,41143,41156,41458,42111,,,,,ELEC.ASH_CONTENT.SUB-3.A
ELEC.ASH_CONTENT.PC-CA-3.A,0,41143,41156,41458,42114,,,,,ELEC.ASH_CONTENT.PC-3.A
ELEC.COST_BTU.NG-AL-97.M,0,41141,41152,41426,41835,,,,,ELEC.COST_BTU.NG-97.A
ELEC.ASH_CONTENT.COW-AK-96.A,0,41143,41156,41459,42116,,,,,ELEC.ASH_CONTENT.COW-96.A
ELEC.ASH_CONTENT.BIT-ENC-96.A,0,41143,41156,41459,42117,,,,,ELEC.ASH_CONTENT.BIT-96.A
ELEC.ASH_CONTENT.SUB-AK-96.A,0,41143,41156,41459,42118,,,,,ELEC.ASH_CONTENT.SUB-96.A
ELEC.CONS_TOT.PC-ENC-1.A,0,35,378,434,876,,,,,ELEC.CONS_TOT.PC-1.A
ELEC.CONS_TOT.NG-AK-1.A,0,35,378,434,877,,,,,ELEC.CONS_TOT.NG-1.A
ELEC.CONS_EG_BTU.PEL-AK-7.A,0,33,374,413,823,,,,,ELEC.CONS_EG_BTU.PEL-7.A
ELEC.SULFUR_CONTENT.PEL-AL-94.A,0,41142,41154,41438,41945,,,,,ELEC.SULFUR_CONTENT.PEL-94.A
ELEC.ASH_CONTENT.BIT-ENC-5.A,0,41143,41156,41461,42131,,,,,ELEC.ASH_CONTENT.BIT-5.A
ELEC.ASH_CONTENT.SUB-AK-5.A,0,41143,41156,41461,42132,,,,,ELEC.ASH_CONTENT.SUB-5.A
ELEC.CONS_TOT.COW-AK-94.A,0,35,378,435,878,,,,,ELEC.CONS_TOT.COW-94.A
ELEC.ASH_CONTENT.PC-IA-5.A,0,41143,41156,41461,42135,,,,,ELEC.ASH_CONTENT.PC-5.A
ELEC.CONS_UTO_BTU.PEL-AK-96.A,0,34,376,423,847,,,,,ELEC.CONS_UTO_BTU.PEL-96.A
ELEC.ASH_CONTENT.COW-AL-97.A,0,41143,41156,41462,42137,,,,,ELEC.ASH_CONTENT.COW-97.A
ELEC.ASH_CONTENT.BIT-AL-97.A,0,41143,41156,41462,42138,,,,,ELEC.ASH_CONTENT.BIT-97.A
ELEC.CONS_TOT.PEL-AK-94.A,0,35,378,435,879,,,,,ELEC.CONS_TOT.PEL-94.A
ELEC.ASH_CONTENT.LIG-LA-97.A,0,41143,41156,41462,42140,,,,,ELEC.ASH_CONTENT.LIG-97.A
ELEC.COST_BTU.BIT-US-96.A,0,41141,41152,41423,41809,,,,,ELEC.COST_BTU.BIT-96.A
ELEC.ASH_CONTENT.COW-ENC-6.A,0,41143,41156,41463,42144,,,,,ELEC.ASH_CONTENT.COW-6.A
ELEC.CONS_TOT.PC-CA-94.A,0,35,378,435,880,,,,,ELEC.CONS_TOT.PC-94.A
ELEC.ASH_CONTENT.SUB-MAT-6.A,0,41143,41156,41463,42146,,,,,ELEC.ASH_CONTENT.SUB-6.A
ELEC.ASH_CONTENT.LIG-TX-6.A,0,41143,41156,41463,42147,,,,,ELEC.ASH_CONTENT.LIG-6.A
ELEC.ASH_CONTENT.PC-TX-6.A,0,41143,41156,41463,42149,,,,,ELEC.ASH_CONTENT.PC-6.A
ELEC.ASH_CONTENT.COW-AL-7.A,0,41143,41156,41464,42151,,,,,ELEC.ASH_CONTENT.COW-7.A
ELEC.ASH_CONTENT.BIT-AL-7.A,0,41143,41156,41464,42152,,,,,ELEC.ASH_CONTENT.BIT-7.A
ELEC.ASH_CONTENT.SUB-AZ-7.A,0,41143,41156,41464,42153,,,,,ELEC.ASH_CONTENT.SUB-7.A
ELEC.ASH_CONTENT.LIG-LA-7.A,0,41143,41156,41464,42154,,,,,ELEC.ASH_CONTENT.LIG-7.A
ELEC.ASH_CONTENT.PC-CA-7.A,0,41143,41156,41464,42156,,,,,ELEC.ASH_CONTENT.PC-7.A
ELEC.CONS_TOT.COW-AR-2.A,0,35,378,436,882,,,,,ELEC.CONS_TOT.COW-2.A
ELEC.SULFUR_CONTENT.PC-CA-94.A,0,41142,41154,41438,41946,,,,,ELEC.SULFUR_CONTENT.PC-94.A
ELEC.COST_BTU.COW-US-7.A,0,41141,41152,41428,41843,,,,,ELEC.COST_BTU.COW-7.A
ELEC.COST_BTU.BIT-US-7.A,0,41141,41152,41428,41844,,,,,ELEC.COST_BTU.BIT-7.A
ELEC.COST_BTU.SUB-US-7.A,0,41141,41152,41428,41845,,,,,ELEC.COST_BTU.SUB-7.A
ELEC.COST_BTU.LIG-US-7.A,0,41141,41152,41428,41846,,,,,ELEC.COST_BTU.LIG-7.A
ELEC.COST_BTU.PEL-US-7.A,0,41141,41152,41428,41847,,,,,ELEC.COST_BTU.PEL-7.A
ELEC.ASH_CONTENT.SUB-AZ-97.A,0,41143,41156,41462,42139,,,,,ELEC.ASH_CONTENT.SUB-97.A
ELEC.STOCKS.COL-AK-98.A,0,41137,41144,41158,41167,,,,,ELEC.STOCKS.COL-98.A
ELEC.STOCKS.BIS-US-98.A,0,41137,41144,41158,41168,,,,,ELEC.STOCKS.BIS-98.A
ELEC.STOCKS.PEL-AK-98.A,0,41137,41144,41158,41171,,,,,ELEC.STOCKS.PEL-98.A
ELEC.STOCKS.COL-AK-1.A,0,41137,41144,41159,41173,,,,,ELEC.STOCKS.COL-1.A
ELEC.STOCKS.COL-AK-94.A,0,41137,41144,41160,41179,,,,,ELEC.STOCKS.COL-94.A
ELEC.STOCKS.BIS-US-1.A,0,41137,41145,41162,41189,,,,,ELEC.STOCKS.BIS-1.A
ELEC.STOCKS.BIS-US-94.A,0,41137,41145,41162,41190,,,,,ELEC.STOCKS.BIS-94.A
ELEC.STOCKS.SUB-US-98.A,0,41137,41145,41163,41191,,,,,ELEC.STOCKS.SUB-98.A
ELEC.STOCKS.SUB-US-1.A,0,41137,41145,41163,41192,,,,,ELEC.STOCKS.SUB-1.A
ELEC.STOCKS.SUB-US-94.A,0,41137,41145,41163,41193,,,,,ELEC.STOCKS.SUB-94.A
ELEC.STOCKS.LIG-US-98.A,0,41137,41145,41164,41194,,,,,ELEC.STOCKS.LIG-98.A
ELEC.STOCKS.LIG-US-1.A,0,41137,41145,41164,41195,,,,,ELEC.STOCKS.LIG-1.A
ELEC.STOCKS.LIG-US-94.A,0,41137,41145,41164,41196,,,,,ELEC.STOCKS.LIG-94.A
ELEC.STOCKS.PEL-AK-1.A,0,41137,41145,41165,41198,,,,,ELEC.STOCKS.PEL-1.A
ELEC.STOCKS.PEL-AL-94.A,0,41137,41145,41165,41199,,,,,ELEC.STOCKS.PEL-94.A
ELEC.STOCKS.PC-CA-98.A,0,41137,41145,41166,41200,,,,,ELEC.STOCKS.PC-98.A
ELEC.STOCKS.PC-ENC-1.A,0,41137,41145,41166,41201,,,,,ELEC.STOCKS.PC-1.A
ELEC.STOCKS.PC-CA-94.A,0,41137,41145,41166,41202,,,,,ELEC.STOCKS.PC-94.A
ELEC.RECEIPTS.COW-AK-98.A,0,41138,41146,41210,41221,,,,,ELEC.RECEIPTS.COW-98.A
ELEC.RECEIPTS.BIT-AL-98.A,0,41138,41146,41210,41222,,,,,ELEC.RECEIPTS.BIT-98.A
ELEC.RECEIPTS.SUB-AK-98.A,0,41138,41146,41210,41223,,,,,ELEC.RECEIPTS.SUB-98.A
ELEC.RECEIPTS.LIG-ESC-98.A,0,41138,41146,41210,41224,,,,,ELEC.RECEIPTS.LIG-98.A
ELEC.RECEIPTS.PEL-AK-98.A,0,41138,41146,41210,41225,,,,,ELEC.RECEIPTS.PEL-98.A
ELEC.RECEIPTS.PC-CA-98.A,0,41138,41146,41210,41226,,,,,ELEC.RECEIPTS.PC-98.A
ELEC.RECEIPTS.NG-AK-98.A,0,41138,41146,41210,41227,,,,,ELEC.RECEIPTS.NG-98.A
ELEC.RECEIPTS.COW-AK-1.A,0,41138,41146,41211,41228,,,,,ELEC.RECEIPTS.COW-1.A
ELEC.RECEIPTS.BIT-AL-1.A,0,41138,41146,41211,41229,,,,,ELEC.RECEIPTS.BIT-1.A
ELEC.RECEIPTS.SUB-AK-1.A,0,41138,41146,41211,41230,,,,,ELEC.RECEIPTS.SUB-1.A
ELEC.RECEIPTS.LIG-LA-1.A,0,41138,41146,41211,41231,,,,,ELEC.RECEIPTS.LIG-1.A
ELEC.RECEIPTS.PEL-AK-1.A,0,41138,41146,41211,41232,,,,,ELEC.RECEIPTS.PEL-1.A
ELEC.RECEIPTS.PC-ENC-1.A,0,41138,41146,41211,41233,,,,,ELEC.RECEIPTS.PC-1.A
ELEC.RECEIPTS.NG-AK-1.A,0,41138,41146,41211,41234,,,,,ELEC.RECEIPTS.NG-1.A
ELEC.RECEIPTS.COW-AK-94.A,0,41138,41146,41212,41235,,,,,ELEC.RECEIPTS.COW-94.A
ELEC.RECEIPTS.BIT-AL-94.A,0,41138,41146,41212,41236,,,,,ELEC.RECEIPTS.BIT-94.A
ELEC.RECEIPTS.SUB-AK-94.A,0,41138,41146,41212,41237,,,,,ELEC.RECEIPTS.SUB-94.A
ELEC.RECEIPTS.LIG-ESC-94.A,0,41138,41146,41212,41238,,,,,ELEC.RECEIPTS.LIG-94.A
ELEC.RECEIPTS.PEL-AL-94.A,0,41138,41146,41212,41239,,,,,ELEC.RECEIPTS.PEL-94.A
ELEC.RECEIPTS.PC-CA-94.A,0,41138,41146,41212,41240,,,,,ELEC.RECEIPTS.PC-94.A
ELEC.RECEIPTS.NG-AL-94.A,0,41138,41146,41212,41241,,,,,ELEC.RECEIPTS.NG-94.A
ELEC.RECEIPTS.COW-AR-2.A,0,41138,41146,41213,41242,,,,,ELEC.RECEIPTS.COW-2.A
ELEC.RECEIPTS.BIT-DE-2.A,0,41138,41146,41213,41243,,,,,ELEC.RECEIPTS.BIT-2.A
ELEC.RECEIPTS.SUB-AR-2.A,0,41138,41146,41213,41244,,,,,ELEC.RECEIPTS.SUB-2.A
ELEC.RECEIPTS.LIG-ESC-2.A,0,41138,41146,41213,41245,,,,,ELEC.RECEIPTS.LIG-2.A
ELEC.RECEIPTS.PEL-AL-2.A,0,41138,41146,41213,41246,,,,,ELEC.RECEIPTS.PEL-2.A
ELEC.RECEIPTS.PC-CA-2.A,0,41138,41146,41213,41247,,,,,ELEC.RECEIPTS.PC-2.A
ELEC.RECEIPTS.NG-AL-2.A,0,41138,41146,41213,41248,,,,,ELEC.RECEIPTS.NG-2.A
ELEC.RECEIPTS.COW-AK-3.A,0,41138,41146,41214,41249,,,,,ELEC.RECEIPTS.COW-3.A
ELEC.RECEIPTS.BIT-AL-3.A,0,41138,41146,41214,41250,,,,,ELEC.RECEIPTS.BIT-3.A
ELEC.RECEIPTS.SUB-AK-3.A,0,41138,41146,41214,41251,,,,,ELEC.RECEIPTS.SUB-3.A
ELEC.RECEIPTS.PEL-CT-3.A,0,41138,41146,41214,41253,,,,,ELEC.RECEIPTS.PEL-3.A
ELEC.RECEIPTS.PC-CA-3.A,0,41138,41146,41214,41254,,,,,ELEC.RECEIPTS.PC-3.A
ELEC.RECEIPTS.NG-AL-3.A,0,41138,41146,41214,41255,,,,,ELEC.RECEIPTS.NG-3.A
ELEC.RECEIPTS.COW-AK-96.A,0,41138,41146,41215,41256,,,,,ELEC.RECEIPTS.COW-96.A
ELEC.RECEIPTS.BIT-ENC-96.A,0,41138,41146,41215,41257,,,,,ELEC.RECEIPTS.BIT-96.A
ELEC.RECEIPTS.SUB-AK-96.A,0,41138,41146,41215,41258,,,,,ELEC.RECEIPTS.SUB-96.A
ELEC.RECEIPTS.PEL-AK-96.A,0,41138,41146,41215,41260,,,,,ELEC.RECEIPTS.PEL-96.A
ELEC.RECEIPTS.PC-IA-96.A,0,41138,41146,41215,41261,,,,,ELEC.RECEIPTS.PC-96.A
ELEC.RECEIPTS.NG-AK-96.A,0,41138,41146,41215,41262,,,,,ELEC.RECEIPTS.NG-96.A
ELEC.COST_BTU.PC-US-7.A,0,41141,41152,41428,41848,,,,,ELEC.COST_BTU.PC-7.A
ELEC.RECEIPTS.PEL-AZ-4.M,0,41138,41146,41216,41267,,,,,ELEC.RECEIPTS.PEL-4.A
ELEC.RECEIPTS.NG-MAT-4.A,0,41138,41146,41216,41269,,,,,ELEC.RECEIPTS.NG-4.A
ELEC.RECEIPTS.COW-AK-5.A,0,41138,41146,41217,41270,,,,,ELEC.RECEIPTS.COW-5.A
ELEC.RECEIPTS.BIT-ENC-5.A,0,41138,41146,41217,41271,,,,,ELEC.RECEIPTS.BIT-5.A
ELEC.RECEIPTS.SUB-AK-5.A,0,41138,41146,41217,41272,,,,,ELEC.RECEIPTS.SUB-5.A
ELEC.RECEIPTS.PEL-AK-5.A,0,41138,41146,41217,41274,,,,,ELEC.RECEIPTS.PEL-5.A
ELEC.RECEIPTS.PC-IA-5.A,0,41138,41146,41217,41275,,,,,ELEC.RECEIPTS.PC-5.A
ELEC.RECEIPTS.NG-AK-5.A,0,41138,41146,41217,41276,,,,,ELEC.RECEIPTS.NG-5.A
ELEC.RECEIPTS.COW-AL-97.A,0,41138,41146,41218,41277,,,,,ELEC.RECEIPTS.COW-97.A
ELEC.RECEIPTS.BIT-AL-97.A,0,41138,41146,41218,41278,,,,,ELEC.RECEIPTS.BIT-97.A
ELEC.RECEIPTS.SUB-AZ-97.A,0,41138,41146,41218,41279,,,,,ELEC.RECEIPTS.SUB-97.A
ELEC.RECEIPTS.LIG-LA-97.A,0,41138,41146,41218,41280,,,,,ELEC.RECEIPTS.LIG-97.A
ELEC.RECEIPTS.PEL-AK-97.A,0,41138,41146,41218,41281,,,,,ELEC.RECEIPTS.PEL-97.A
ELEC.RECEIPTS.PC-CA-97.A,0,41138,41146,41218,41282,,,,,ELEC.RECEIPTS.PC-97.A
ELEC.RECEIPTS.NG-AK-97.A,0,41138,41146,41218,41283,,,,,ELEC.RECEIPTS.NG-97.A
ELEC.RECEIPTS.COW-ENC-6.A,0,41138,41146,41219,41284,,,,,ELEC.RECEIPTS.COW-6.A
ELEC.RECEIPTS.BIT-ENC-6.A,0,41138,41146,41219,41285,,,,,ELEC.RECEIPTS.BIT-6.A
ELEC.RECEIPTS.SUB-MAT-6.A,0,41138,41146,41219,41286,,,,,ELEC.RECEIPTS.SUB-6.A
ELEC.RECEIPTS.LIG-TX-6.A,0,41138,41146,41219,41287,,,,,ELEC.RECEIPTS.LIG-6.A
ELEC.RECEIPTS.PEL-AK-6.A,0,41138,41146,41219,41288,,,,,ELEC.RECEIPTS.PEL-6.A
ELEC.RECEIPTS.PC-TX-6.A,0,41138,41146,41219,41289,,,,,ELEC.RECEIPTS.PC-6.A
ELEC.RECEIPTS.NG-AL-6.A,0,41138,41146,41219,41290,,,,,ELEC.RECEIPTS.NG-6.A
ELEC.RECEIPTS.COW-AL-7.A,0,41138,41146,41220,41291,,,,,ELEC.RECEIPTS.COW-7.A
ELEC.RECEIPTS.BIT-AL-7.A,0,41138,41146,41220,41292,,,,,ELEC.RECEIPTS.BIT-7.A
ELEC.RECEIPTS.SUB-AZ-7.A,0,41138,41146,41220,41293,,,,,ELEC.RECEIPTS.SUB-7.A
ELEC.RECEIPTS.LIG-LA-7.A,0,41138,41146,41220,41294,,,,,ELEC.RECEIPTS.LIG-7.A
ELEC.RECEIPTS.PEL-AK-7.A,0,41138,41146,41220,41295,,,,,ELEC.RECEIPTS.PEL-7.A
ELEC.RECEIPTS.PC-CA-7.A,0,41138,41146,41220,41296,,,,,ELEC.RECEIPTS.PC-7.A
ELEC.RECEIPTS.NG-AK-7.A,0,41138,41146,41220,41297,,,,,ELEC.RECEIPTS.NG-7.A
ELEC.SULFUR_CONTENT.BIT-DE-2.A,0,41142,41154,41439,41949,,,,,ELEC.SULFUR_CONTENT.BIT-2.A
ELEC.SULFUR_CONTENT.PEL-AL-2.A,0,41142,41154,41439,41952,,,,,ELEC.SULFUR_CONTENT.PEL-2.A
ELEC.CONS_EG.PEL-AK-98.A,0,36,380,448,915,,,,,ELEC.CONS_EG.PEL-98.A
ELEC.COST_BTU.BIT-US-94.A,0,41141,41152,41420,41788,,,,,ELEC.COST_BTU.BIT-94.A
ELEC.CONS_TOT.PEL-AK-5.A,0,35,378,440,899,,,,,ELEC.CONS_TOT.PEL-5.A
ELEC.SULFUR_CONTENT.PC-ENC-1.A,0,41142,41154,41437,41939,,,,,ELEC.SULFUR_CONTENT.PC-1.A
ELEC.ASH_CONTENT.COW-AK-3.A,0,41143,41156,41458,42109,,,,,ELEC.ASH_CONTENT.COW-3.A
ELEC.SULFUR_CONTENT.PC-CA-2.A,0,41142,41154,41439,41953,,,,,ELEC.SULFUR_CONTENT.PC-2.A
ELEC.COST_BTU.NG-US-7.A,0,41141,41152,41428,41849,,,,,ELEC.COST_BTU.NG-7.A
ELEC.COST_BTU.SUB-US-94.A,0,41141,41152,41420,41789,,,,,ELEC.COST_BTU.SUB-94.A
ELEC.CONS_EG.NG-AK-1.A,0,36,380,449,921,,,,,ELEC.CONS_EG.NG-1.A
ELEC.CONS_EG_BTU.PC-AR-97.A,0,33,374,411,816,,,,,ELEC.CONS_EG_BTU.PC-97.A
ELEC.CONS_EG.COW-AR-2.A,0,36,380,451,926,,,,,ELEC.CONS_EG.COW-2.A
ELEC.CONS_EG.PEL-AK-2.A,0,36,380,451,927,,,,,ELEC.CONS_EG.PEL-2.A
ELEC.SULFUR_CONTENT.BIT-AL-1.A,0,41142,41154,41437,41935,,,,,ELEC.SULFUR_CONTENT.BIT-1.A
ELEC.CONS_EG.NG-AL-2.A,0,36,380,451,929,,,,,ELEC.CONS_EG.NG-2.A
ELEC.SULFUR_CONTENT.SUB-AR-2.A,0,41142,41154,41439,41950,,,,,ELEC.SULFUR_CONTENT.SUB-2.A
ELEC.RECEIPTS_BTU.COW-AK-98.A,0,41139,41148,41382,41465,,,,,ELEC.RECEIPTS_BTU.COW-98.A
ELEC.RECEIPTS_BTU.BIT-AL-98.A,0,41139,41148,41382,41466,,,,,ELEC.RECEIPTS_BTU.BIT-98.A
ELEC.RECEIPTS_BTU.SUB-AK-98.A,0,41139,41148,41382,41467,,,,,ELEC.RECEIPTS_BTU.SUB-98.A
ELEC.RECEIPTS_BTU.LIG-ESC-98.A,0,41139,41148,41382,41468,,,,,ELEC.RECEIPTS_BTU.LIG-98.A
ELEC.RECEIPTS_BTU.PEL-AK-98.A,0,41139,41148,41382,41469,,,,,ELEC.RECEIPTS_BTU.PEL-98.A
ELEC.RECEIPTS_BTU.PC-CA-98.A,0,41139,41148,41382,41470,,,,,ELEC.RECEIPTS_BTU.PC-98.A
ELEC.RECEIPTS_BTU.NG-AK-98.A,0,41139,41148,41382,41471,,,,,ELEC.RECEIPTS_BTU.NG-98.A
ELEC.RECEIPTS_BTU.COW-AK-1.A,0,41139,41148,41383,41472,,,,,ELEC.RECEIPTS_BTU.COW-1.A
ELEC.RECEIPTS_BTU.BIT-AL-1.A,0,41139,41148,41383,41473,,,,,ELEC.RECEIPTS_BTU.BIT-1.A
ELEC.RECEIPTS_BTU.SUB-AK-1.A,0,41139,41148,41383,41474,,,,,ELEC.RECEIPTS_BTU.SUB-1.A
ELEC.RECEIPTS_BTU.LIG-LA-1.A,0,41139,41148,41383,41475,,,,,ELEC.RECEIPTS_BTU.LIG-1.A
ELEC.RECEIPTS_BTU.PEL-AK-1.A,0,41139,41148,41383,41476,,,,,ELEC.RECEIPTS_BTU.PEL-1.A
ELEC.RECEIPTS_BTU.PC-ENC-1.A,0,41139,41148,41383,41477,,,,,ELEC.RECEIPTS_BTU.PC-1.A
ELEC.COST_BTU.NG-US-4.A,0,41141,41152,41424,41821,,,,,ELEC.COST_BTU.NG-4.A
ELEC.RECEIPTS_BTU.COW-AK-94.A,0,41139,41148,41384,41479,,,,,ELEC.RECEIPTS_BTU.COW-94.A
ELEC.RECEIPTS_BTU.BIT-AL-94.A,0,41139,41148,41384,41480,,,,,ELEC.RECEIPTS_BTU.BIT-94.A
ELEC.RECEIPTS_BTU.SUB-AK-94.A,0,41139,41148,41384,41481,,,,,ELEC.RECEIPTS_BTU.SUB-94.A
ELEC.RECEIPTS_BTU.LIG-ESC-94.A,0,41139,41148,41384,41482,,,,,ELEC.RECEIPTS_BTU.LIG-94.A
ELEC.RECEIPTS_BTU.PEL-AL-94.A,0,41139,41148,41384,41483,,,,,ELEC.RECEIPTS_BTU.PEL-94.A
ELEC.RECEIPTS_BTU.PC-CA-94.A,0,41139,41148,41384,41484,,,,,ELEC.RECEIPTS_BTU.PC-94.A
ELEC.RECEIPTS_BTU.NG-AL-94.A,0,41139,41148,41384,41485,,,,,ELEC.RECEIPTS_BTU.NG-94.A
ELEC.RECEIPTS_BTU.COW-AR-2.A,0,41139,41148,41385,41486,,,,,ELEC.RECEIPTS_BTU.COW-2.A
ELEC.RECEIPTS_BTU.BIT-DE-2.A,0,41139,41148,41385,41487,,,,,ELEC.RECEIPTS_BTU.BIT-2.A
ELEC.RECEIPTS_BTU.SUB-AR-2.A,0,41139,41148,41385,41488,,,,,ELEC.RECEIPTS_BTU.SUB-2.A
ELEC.RECEIPTS_BTU.LIG-ESC-2.A,0,41139,41148,41385,41489,,,,,ELEC.RECEIPTS_BTU.LIG-2.A
ELEC.RECEIPTS_BTU.PEL-AL-2.A,0,41139,41148,41385,41490,,,,,ELEC.RECEIPTS_BTU.PEL-2.A
ELEC.RECEIPTS_BTU.PC-CA-2.A,0,41139,41148,41385,41491,,,,,ELEC.RECEIPTS_BTU.PC-2.A
ELEC.RECEIPTS_BTU.NG-AL-2.A,0,41139,41148,41385,41492,,,,,ELEC.RECEIPTS_BTU.NG-2.A
ELEC.RECEIPTS_BTU.COW-AK-3.A,0,41139,41148,41386,41493,,,,,ELEC.RECEIPTS_BTU.COW-3.A
ELEC.RECEIPTS_BTU.BIT-AL-3.A,0,41139,41148,41386,41494,,,,,ELEC.RECEIPTS_BTU.BIT-3.A
ELEC.RECEIPTS_BTU.SUB-AK-3.A,0,41139,41148,41386,41495,,,,,ELEC.RECEIPTS_BTU.SUB-3.A
ELEC.RECEIPTS_BTU.PEL-CT-3.A,0,41139,41148,41386,41497,,,,,ELEC.RECEIPTS_BTU.PEL-3.A
ELEC.RECEIPTS_BTU.PC-CA-3.A,0,41139,41148,41386,41498,,,,,ELEC.RECEIPTS_BTU.PC-3.A
ELEC.RECEIPTS_BTU.NG-AL-3.A,0,41139,41148,41386,41499,,,,,ELEC.RECEIPTS_BTU.NG-3.A
ELEC.RECEIPTS_BTU.COW-AK-96.A,0,41139,41148,41387,41500,,,,,ELEC.RECEIPTS_BTU.COW-96.A
ELEC.RECEIPTS_BTU.BIT-ENC-96.A,0,41139,41148,41387,41501,,,,,ELEC.RECEIPTS_BTU.BIT-96.A
ELEC.RECEIPTS_BTU.SUB-AK-96.A,0,41139,41148,41387,41502,,,,,ELEC.RECEIPTS_BTU.SUB-96.A
ELEC.RECEIPTS_BTU.PEL-AK-96.A,0,41139,41148,41387,41504,,,,,ELEC.RECEIPTS_BTU.PEL-96.A
ELEC.RECEIPTS_BTU.PC-IA-96.A,0,41139,41148,41387,41505,,,,,ELEC.RECEIPTS_BTU.PC-96.A
ELEC.RECEIPTS_BTU.NG-AK-96.A,0,41139,41148,41387,41506,,,,,ELEC.RECEIPTS_BTU.NG-96.A
ELEC.RECEIPTS_BTU.PEL-AZ-4.M,0,41139,41148,41388,41511,,,,,ELEC.RECEIPTS_BTU.PEL-4.A
ELEC.RECEIPTS_BTU.NG-MAT-4.A,0,41139,41148,41388,41513,,,,,ELEC.RECEIPTS_BTU.NG-4.A
ELEC.RECEIPTS_BTU.COW-AK-5.A,0,41139,41148,41389,41514,,,,,ELEC.RECEIPTS_BTU.COW-5.A
ELEC.RECEIPTS_BTU.BIT-ENC-5.A,0,41139,41148,41389,41515,,,,,ELEC.RECEIPTS_BTU.BIT-5.A
ELEC.RECEIPTS_BTU.SUB-AK-5.A,0,41139,41148,41389,41516,,,,,ELEC.RECEIPTS_BTU.SUB-5.A
ELEC.RECEIPTS_BTU.PEL-AK-5.A,0,41139,41148,41389,41518,,,,,ELEC.RECEIPTS_BTU.PEL-5.A
ELEC.RECEIPTS_BTU.PC-IA-5.A,0,41139,41148,41389,41519,,,,,ELEC.RECEIPTS_BTU.PC-5.A
ELEC.RECEIPTS_BTU.NG-AK-5.A,0,41139,41148,41389,41520,,,,,ELEC.RECEIPTS_BTU.NG-5.A
ELEC.RECEIPTS_BTU.COW-AL-97.A,0,41139,41148,41390,41521,,,,,ELEC.RECEIPTS_BTU.COW-97.A
ELEC.RECEIPTS_BTU.BIT-AL-97.A,0,41139,41148,41390,41522,,,,,ELEC.RECEIPTS_BTU.BIT-97.A
ELEC.RECEIPTS_BTU.SUB-AZ-97.A,0,41139,41148,41390,41523,,,,,ELEC.RECEIPTS_BTU.SUB-97.A
ELEC.RECEIPTS_BTU.LIG-LA-97.A,0,41139,41148,41390,41524,,,,,ELEC.RECEIPTS_BTU.LIG-97.A
ELEC.RECEIPTS_BTU.PEL-AK-97.A,0,41139,41148,41390,41525,,,,,ELEC.RECEIPTS_BTU.PEL-97.A
ELEC.RECEIPTS_BTU.PC-CA-97.A,0,41139,41148,41390,41526,,,,,ELEC.RECEIPTS_BTU.PC-97.A
ELEC.RECEIPTS_BTU.NG-AK-97.A,0,41139,41148,41390,41527,,,,,ELEC.RECEIPTS_BTU.NG-97.A
ELEC.RECEIPTS_BTU.COW-ENC-6.A,0,41139,41148,41391,41528,,,,,ELEC.RECEIPTS_BTU.COW-6.A
ELEC.RECEIPTS_BTU.BIT-ENC-6.A,0,41139,41148,41391,41529,,,,,ELEC.RECEIPTS_BTU.BIT-6.A
ELEC.RECEIPTS_BTU.SUB-MAT-6.A,0,41139,41148,41391,41530,,,,,ELEC.RECEIPTS_BTU.SUB-6.A
ELEC.RECEIPTS_BTU.LIG-TX-6.A,0,41139,41148,41391,41531,,,,,ELEC.RECEIPTS_BTU.LIG-6.A
ELEC.RECEIPTS_BTU.PEL-AK-6.A,0,41139,41148,41391,41532,,,,,ELEC.RECEIPTS_BTU.PEL-6.A
ELEC.RECEIPTS_BTU.PC-TX-6.A,0,41139,41148,41391,41533,,,,,ELEC.RECEIPTS_BTU.PC-6.A
ELEC.RECEIPTS_BTU.NG-AL-6.A,0,41139,41148,41391,41534,,,,,ELEC.RECEIPTS_BTU.NG-6.A
ELEC.RECEIPTS_BTU.COW-AL-7.A,0,41139,41148,41392,41535,,,,,ELEC.RECEIPTS_BTU.COW-7.A
ELEC.RECEIPTS_BTU.BIT-AL-7.A,0,41139,41148,41392,41536,,,,,ELEC.RECEIPTS_BTU.BIT-7.A
ELEC.RECEIPTS_BTU.SUB-AZ-7.A,0,41139,41148,41392,41537,,,,,ELEC.RECEIPTS_BTU.SUB-7.A
ELEC.RECEIPTS_BTU.LIG-LA-7.A,0,41139,41148,41392,41538,,,,,ELEC.RECEIPTS_BTU.LIG-7.A
ELEC.RECEIPTS_BTU.PEL-AK-7.A,0,41139,41148,41392,41539,,,,,ELEC.RECEIPTS_BTU.PEL-7.A
ELEC.RECEIPTS_BTU.PC-CA-7.A,0,41139,41148,41392,41540,,,,,ELEC.RECEIPTS_BTU.PC-7.A
ELEC.RECEIPTS_BTU.NG-AK-7.A,0,41139,41148,41392,41541,,,,,ELEC.RECEIPTS_BTU.NG-7.A
ELEC.ASH_CONTENT.COW-AK-5.A,0,41143,41156,41461,42130,,,,,ELEC.ASH_CONTENT.COW-5.A
ELEC.SULFUR_CONTENT.BIT-AL-98.A,0,41142,41154,41436,41928,,,,,ELEC.SULFUR_CONTENT.BIT-98.A
ELEC.SULFUR_CONTENT.SUB-AK-3.A,0,41142,41154,41440,41957,,,,,ELEC.SULFUR_CONTENT.SUB-3.A
ELEC.SULFUR_CONTENT.LIG-LA-1.A,0,41142,41154,41437,41937,,,,,ELEC.SULFUR_CONTENT.LIG-1.A
ELEC.SULFUR_CONTENT.PC-CA-3.A,0,41142,41154,41440,41960,,,,,ELEC.SULFUR_CONTENT.PC-3.A
ELEC.COST_BTU.COW-AL-94.M,0,41141,41152,41420,41787,,,,,ELEC.COST_BTU.COW-94.A
ELEC.CONS_UTO.PC-CA-3.A,0,37,382,467,975,,,,,ELEC.CONS_UTO.PC-3.A
ELEC.ASH_CONTENT.SUB-AK-94.A,0,41143,41156,41456,42097,,,,,ELEC.ASH_CONTENT.SUB-94.A
ELEC.CONS_TOT.NG-AK-6.A,0,35,378,442,909,,,,,ELEC.CONS_TOT.NG-6.A
ELEC.CONS_EG.NG-AK-7.A,0,36,380,458,957,,,,,ELEC.CONS_EG.NG-7.A
ELEC.ASH_CONTENT.PC-IA-96.A,0,41143,41156,41459,42121,,,,,ELEC.ASH_CONTENT.PC-96.A
ELEC.SULFUR_CONTENT.COW-AK-98.A,0,41142,41154,41436,41927,,,,,ELEC.SULFUR_CONTENT.COW-98.A
ELEC.ASH_CONTENT.BIT-AL-1.A,0,41143,41156,41455,42089,,,,,ELEC.ASH_CONTENT.BIT-1.A
ELEC.SULFUR_CONTENT.COW-AL-97.A,0,41142,41154,41444,41983,,,,,ELEC.SULFUR_CONTENT.COW-97.A
ELEC.COST_BTU.PEL-AL-94.A,0,41141,41152,41420,41791,,,,,ELEC.COST_BTU.PEL-94.A
ELEC.ASH_CONTENT.LIG-LA-1.A,0,41143,41156,41455,42091,,,,,ELEC.ASH_CONTENT.LIG-1.A
ELEC.SULFUR_CONTENT.LIG-ESC-2.A,0,41142,41154,41439,41951,,,,,ELEC.SULFUR_CONTENT.LIG-2.A
ELEC.SULFUR_CONTENT.PEL-AK-1.A,0,41142,41154,41437,41938,,,,,ELEC.SULFUR_CONTENT.PEL-1.A
ELEC.ASH_CONTENT.PC-CA-97.A,0,41143,41156,41462,42142,,,,,ELEC.ASH_CONTENT.PC-97.A
ELEC.COST.COW-AL-98.M,0,41140,41150,41400,41619,,,,,ELEC.COST.COW-98.A
ELEC.COST.BIT-US-98.A,0,41140,41150,41400,41620,,,,,ELEC.COST.BIT-98.A
ELEC.COST.SUB-US-98.A,0,41140,41150,41400,41621,,,,,ELEC.COST.SUB-98.A
ELEC.COST.LIG-US-98.A,0,41140,41150,41400,41622,,,,,ELEC.COST.LIG-98.A
ELEC.COST.PEL-AK-98.M,0,41140,41150,41400,41623,,,,,ELEC.COST.PEL-98.A
ELEC.COST.PC-CA-98.A,0,41140,41150,41400,41624,,,,,ELEC.COST.PC-98.A
ELEC.COST.NG-AK-98.M,0,41140,41150,41400,41625,,,,,ELEC.COST.NG-98.A
ELEC.COST.COW-AK-1.A,0,41140,41150,41401,41626,,,,,ELEC.COST.COW-1.A
ELEC.COST.BIT-AL-1.A,0,41140,41150,41401,41627,,,,,ELEC.COST.BIT-1.A
ELEC.COST.SUB-AK-1.A,0,41140,41150,41401,41628,,,,,ELEC.COST.SUB-1.A
ELEC.COST.LIG-LA-1.A,0,41140,41150,41401,41629,,,,,ELEC.COST.LIG-1.A
ELEC.COST.PEL-AK-1.A,0,41140,41150,41401,41630,,,,,ELEC.COST.PEL-1.A
ELEC.COST.PC-ENC-1.A,0,41140,41150,41401,41631,,,,,ELEC.COST.PC-1.A
ELEC.COST.NG-AK-1.A,0,41140,41150,41401,41632,,,,,ELEC.COST.NG-1.A
ELEC.COST.COW-AL-94.M,0,41140,41150,41402,41633,,,,,ELEC.COST.COW-94.A
ELEC.COST.BIT-US-94.A,0,41140,41150,41402,41634,,,,,ELEC.COST.BIT-94.A
ELEC.COST.SUB-US-94.A,0,41140,41150,41402,41635,,,,,ELEC.COST.SUB-94.A
ELEC.COST.LIG-US-94.A,0,41140,41150,41402,41636,,,,,ELEC.COST.LIG-94.A
ELEC.COST.PEL-AL-94.A,0,41140,41150,41402,41637,,,,,ELEC.COST.PEL-94.A
ELEC.COST.PC-CA-94.A,0,41140,41150,41402,41638,,,,,ELEC.COST.PC-94.A
ELEC.COST.NG-AL-94.A,0,41140,41150,41402,41639,,,,,ELEC.COST.NG-94.A
ELEC.COST.COW-US-2.A,0,41140,41150,41403,41640,,,,,ELEC.COST.COW-2.A
ELEC.COST.BIT-US-2.A,0,41140,41150,41403,41641,,,,,ELEC.COST.BIT-2.A
ELEC.COST.SUB-US-2.A,0,41140,41150,41403,41642,,,,,ELEC.COST.SUB-2.A
ELEC.COST.LIG-US-2.A,0,41140,41150,41403,41643,,,,,ELEC.COST.LIG-2.A
ELEC.COST.PEL-US-2.A,0,41140,41150,41403,41644,,,,,ELEC.COST.PEL-2.A
ELEC.COST.PC-US-2.A,0,41140,41150,41403,41645,,,,,ELEC.COST.PC-2.A
ELEC.COST.NG-US-2.A,0,41140,41150,41403,41646,,,,,ELEC.COST.NG-2.A
ELEC.COST.COW-US-3.A,0,41140,41150,41404,41647,,,,,ELEC.COST.COW-3.A
ELEC.COST.BIT-US-3.A,0,41140,41150,41404,41648,,,,,ELEC.COST.BIT-3.A
ELEC.COST.SUB-US-3.A,0,41140,41150,41404,41649,,,,,ELEC.COST.SUB-3.A
ELEC.COST.PEL-US-3.A,0,41140,41150,41404,41651,,,,,ELEC.COST.PEL-3.A
ELEC.COST.PC-US-3.A,0,41140,41150,41404,41652,,,,,ELEC.COST.PC-3.A
ELEC.COST.NG-US-3.A,0,41140,41150,41404,41653,,,,,ELEC.COST.NG-3.A
ELEC.COST.COW-ENC-96.M,0,41140,41150,41405,41654,,,,,ELEC.COST.COW-96.A
ELEC.COST.BIT-US-96.A,0,41140,41150,41405,41655,,,,,ELEC.COST.BIT-96.A
ELEC.COST.SUB-US-96.A,0,41140,41150,41405,41656,,,,,ELEC.COST.SUB-96.A
ELEC.ASH_CONTENT.PC-CA-94.A,0,41143,41156,41456,42100,,,,,ELEC.ASH_CONTENT.PC-94.A
ELEC.COST.PEL-US-96.A,0,41140,41150,41405,41658,,,,,ELEC.COST.PEL-96.A
ELEC.COST.PC-US-96.A,0,41140,41150,41405,41659,,,,,ELEC.COST.PC-96.A
ELEC.COST.NG-CT-96.M,0,41140,41150,41405,41660,,,,,ELEC.COST.NG-96.A
ELEC.COST.PEL-US-4.A,0,41140,41150,41406,41665,,,,,ELEC.COST.PEL-4.A
ELEC.COST.NG-US-4.A,0,41140,41150,41406,41667,,,,,ELEC.COST.NG-4.A
ELEC.COST.COW-US-5.A,0,41140,41150,41407,41668,,,,,ELEC.COST.COW-5.A
ELEC.COST.BIT-US-5.A,0,41140,41150,41407,41669,,,,,ELEC.COST.BIT-5.A
ELEC.COST.SUB-US-5.A,0,41140,41150,41407,41670,,,,,ELEC.COST.SUB-5.A
ELEC.COST.PEL-US-5.A,0,41140,41150,41407,41672,,,,,ELEC.COST.PEL-5.A
ELEC.COST.PC-US-5.A,0,41140,41150,41407,41673,,,,,ELEC.COST.PC-5.A
ELEC.COST.NG-US-5.A,0,41140,41150,41407,41674,,,,,ELEC.COST.NG-5.A
ELEC.COST.COW-ENC-97.M,0,41140,41150,41408,41675,,,,,ELEC.COST.COW-97.A
ELEC.COST.BIT-US-97.A,0,41140,41150,41408,41676,,,,,ELEC.COST.BIT-97.A
ELEC.COST.SUB-US-97.A,0,41140,41150,41408,41677,,,,,ELEC.COST.SUB-97.A
ELEC.COST.LIG-US-97.A,0,41140,41150,41408,41678,,,,,ELEC.COST.LIG-97.A
ELEC.COST.PEL-ENC-97.M,0,41140,41150,41408,41679,,,,,ELEC.COST.PEL-97.A
ELEC.COST.PC-US-97.A,0,41140,41150,41408,41680,,,,,ELEC.COST.PC-97.A
ELEC.COST.NG-AL-97.M,0,41140,41150,41408,41681,,,,,ELEC.COST.NG-97.A
ELEC.COST.COW-US-6.A,0,41140,41150,41409,41682,,,,,ELEC.COST.COW-6.A
ELEC.COST.BIT-US-6.A,0,41140,41150,41409,41683,,,,,ELEC.COST.BIT-6.A
ELEC.COST.SUB-US-6.A,0,41140,41150,41409,41684,,,,,ELEC.COST.SUB-6.A
ELEC.COST.LIG-US-6.A,0,41140,41150,41409,41685,,,,,ELEC.COST.LIG-6.A
ELEC.COST.PEL-US-6.A,0,41140,41150,41409,41686,,,,,ELEC.COST.PEL-6.A
ELEC.SULFUR_CONTENT.COW-AK-1.A,0,41142,41154,41437,41934,,,,,ELEC.SULFUR_CONTENT.COW-1.A
ELEC.COST.NG-US-6.A,0,41140,41150,41409,41688,,,,,ELEC.COST.NG-6.A
ELEC.COST.COW-US-7.A,0,41140,41150,41410,41689,,,,,ELEC.COST.COW-7.A
ELEC.COST.BIT-US-7.A,0,41140,41150,41410,41690,,,,,ELEC.COST.BIT-7.A
ELEC.COST.SUB-US-7.A,0,41140,41150,41410,41691,,,,,ELEC.COST.SUB-7.A
ELEC.COST.LIG-US-7.A,0,41140,41150,41410,41692,,,,,ELEC.COST.LIG-7.A
ELEC.COST.PEL-US-7.A,0,41140,41150,41410,41693,,,,,ELEC.COST.PEL-7.A
ELEC.COST.PC-US-7.A,0,41140,41150,41410,41694,,,,,ELEC.COST.PC-7.A
ELEC.COST.NG-US-7.A,0,41140,41150,41410,41695,,,,,ELEC.COST.NG-7.A
ELEC.SULFUR_CONTENT.SUB-AK-1.A,0,41142,41154,41437,41936,,,,,ELEC.SULFUR_CONTENT.SUB-1.A
ELEC.CONS_TOT_BTU.COW-AK-98.A,0,32,372,388,738,,,,,ELEC.CONS_TOT_BTU.COW-98.A
ELEC.CONS_TOT_BTU.PEL-AK-98.A,0,32,372,388,739,,,,,ELEC.CONS_TOT_BTU.PEL-98.A
ELEC.CONS_TOT_BTU.PC-CA-98.A,0,32,372,388,740,,,,,ELEC.CONS_TOT_BTU.PC-98.A
ELEC.CONS_TOT_BTU.NG-AK-98.A,0,32,372,388,741,,,,,ELEC.CONS_TOT_BTU.NG-98.A
ELEC.CONS_TOT_BTU.COW-AK-1.A,0,32,372,389,742,,,,,ELEC.CONS_TOT_BTU.COW-1.A
ELEC.CONS_TOT_BTU.PEL-AK-1.A,0,32,372,389,743,,,,,ELEC.CONS_TOT_BTU.PEL-1.A
ELEC.CONS_TOT_BTU.PC-ENC-1.A,0,32,372,389,744,,,,,ELEC.CONS_TOT_BTU.PC-1.A
ELEC.CONS_TOT_BTU.NG-AK-1.A,0,32,372,389,745,,,,,ELEC.CONS_TOT_BTU.NG-1.A
ELEC.CONS_TOT_BTU.COW-AK-94.A,0,32,372,390,746,,,,,ELEC.CONS_TOT_BTU.COW-94.A
ELEC.CONS_TOT_BTU.PEL-AK-94.A,0,32,372,390,747,,,,,ELEC.CONS_TOT_BTU.PEL-94.A
ELEC.CONS_TOT_BTU.PC-CA-94.A,0,32,372,390,748,,,,,ELEC.CONS_TOT_BTU.PC-94.A
ELEC.CONS_TOT_BTU.NG-AL-94.A,0,32,372,390,749,,,,,ELEC.CONS_TOT_BTU.NG-94.A
ELEC.CONS_TOT_BTU.COW-AR-2.A,0,32,372,391,750,,,,,ELEC.CONS_TOT_BTU.COW-2.A
ELEC.CONS_TOT_BTU.PEL-AK-2.A,0,32,372,391,751,,,,,ELEC.CONS_TOT_BTU.PEL-2.A
ELEC.CONS_TOT_BTU.PC-CA-2.A,0,32,372,391,752,,,,,ELEC.CONS_TOT_BTU.PC-2.A
ELEC.CONS_TOT_BTU.NG-AL-2.A,0,32,372,391,753,,,,,ELEC.CONS_TOT_BTU.NG-2.A
ELEC.CONS_TOT_BTU.COW-AK-3.A,0,32,372,392,754,,,,,ELEC.CONS_TOT_BTU.COW-3.A
ELEC.CONS_TOT_BTU.PEL-AK-3.A,0,32,372,392,755,,,,,ELEC.CONS_TOT_BTU.PEL-3.A
ELEC.CONS_TOT_BTU.PC-CA-3.A,0,32,372,392,756,,,,,ELEC.CONS_TOT_BTU.PC-3.A
ELEC.CONS_TOT_BTU.NG-AL-3.A,0,32,372,392,757,,,,,ELEC.CONS_TOT_BTU.NG-3.A
ELEC.CONS_TOT_BTU.COW-AK-96.A,0,32,372,393,758,,,,,ELEC.CONS_TOT_BTU.COW-96.A
ELEC.CONS_TOT_BTU.PEL-AK-96.A,0,32,372,393,759,,,,,ELEC.CONS_TOT_BTU.PEL-96.A
ELEC.CONS_TOT_BTU.PC-IA-96.A,0,32,372,393,760,,,,,ELEC.CONS_TOT_BTU.PC-96.A
ELEC.CONS_TOT_BTU.NG-AK-96.A,0,32,372,393,761,,,,,ELEC.CONS_TOT_BTU.NG-96.A
ELEC.CONS_TOT_BTU.COW-AK-4.A,0,32,372,394,762,,,,,ELEC.CONS_TOT_BTU.COW-4.A
ELEC.CONS_TOT_BTU.PEL-AK-4.A,0,32,372,394,763,,,,,ELEC.CONS_TOT_BTU.PEL-4.A
ELEC.COST_BTU.COW-ENC-97.M,0,41141,41152,41426,41829,,,,,ELEC.COST_BTU.COW-97.A
ELEC.CONS_TOT_BTU.NG-AK-4.A,0,32,372,394,765,,,,,ELEC.CONS_TOT_BTU.NG-4.A
ELEC.CONS_TOT_BTU.COW-AK-5.A,0,32,372,395,766,,,,,ELEC.CONS_TOT_BTU.COW-5.A
ELEC.CONS_TOT_BTU.PEL-AK-5.A,0,32,372,395,767,,,,,ELEC.CONS_TOT_BTU.PEL-5.A
ELEC.CONS_TOT_BTU.PC-IA-5.A,0,32,372,395,768,,,,,ELEC.CONS_TOT_BTU.PC-5.A
ELEC.CONS_TOT_BTU.NG-AK-5.A,0,32,372,395,769,,,,,ELEC.CONS_TOT_BTU.NG-5.A
ELEC.CONS_TOT_BTU.COW-AL-97.A,0,32,372,396,770,,,,,ELEC.CONS_TOT_BTU.COW-97.A
ELEC.CONS_TOT_BTU.PEL-AK-97.A,0,32,372,396,771,,,,,ELEC.CONS_TOT_BTU.PEL-97.A
ELEC.CONS_TOT_BTU.PC-AR-97.A,0,32,372,396,772,,,,,ELEC.CONS_TOT_BTU.PC-97.A
ELEC.CONS_TOT_BTU.NG-AK-97.A,0,32,372,396,773,,,,,ELEC.CONS_TOT_BTU.NG-97.A
ELEC.CONS_TOT_BTU.COW-ENC-6.A,0,32,372,397,774,,,,,ELEC.CONS_TOT_BTU.COW-6.A
ELEC.CONS_TOT_BTU.PEL-AK-6.A,0,32,372,397,775,,,,,ELEC.CONS_TOT_BTU.PEL-6.A
ELEC.CONS_TOT_BTU.PC-LA-6.A,0,32,372,397,776,,,,,ELEC.CONS_TOT_BTU.PC-6.A
ELEC.CONS_TOT_BTU.NG-AK-6.A,0,32,372,397,777,,,,,ELEC.CONS_TOT_BTU.NG-6.A
ELEC.CONS_TOT_BTU.COW-AL-7.A,0,32,372,398,778,,,,,ELEC.CONS_TOT_BTU.COW-7.A
ELEC.CONS_TOT_BTU.PEL-AK-7.A,0,32,372,398,779,,,,,ELEC.CONS_TOT_BTU.PEL-7.A
ELEC.CONS_TOT_BTU.PC-AR-7.A,0,32,372,398,780,,,,,ELEC.CONS_TOT_BTU.PC-7.A
ELEC.CONS_TOT_BTU.NG-AK-7.A,0,32,372,398,781,,,,,ELEC.CONS_TOT_BTU.NG-7.A
ELEC.CONS_EG_BTU.COW-AK-98.A,0,33,374,403,782,,,,,ELEC.CONS_EG_BTU.COW-98.A
ELEC.CONS_EG_BTU.PEL-AK-98.A,0,33,374,403,783,,,,,ELEC.CONS_EG_BTU.PEL-98.A
ELEC.CONS_EG_BTU.PC-CA-98.A,0,33,374,403,784,,,,,ELEC.CONS_EG_BTU.PC-98.A
ELEC.CONS_EG_BTU.NG-AK-98.A,0,33,374,403,785,,,,,ELEC.CONS_EG_BTU.NG-98.A
ELEC.CONS_EG_BTU.COW-AK-1.A,0,33,374,404,786,,,,,ELEC.CONS_EG_BTU.COW-1.A
ELEC.CONS_EG_BTU.PEL-AK-1.A,0,33,374,404,787,,,,,ELEC.CONS_EG_BTU.PEL-1.A
ELEC.CONS_EG_BTU.PC-ENC-1.A,0,33,374,404,788,,,,,ELEC.CONS_EG_BTU.PC-1.A
ELEC.CONS_EG_BTU.NG-AK-1.A,0,33,374,404,789,,,,,ELEC.CONS_EG_BTU.NG-1.A
ELEC.CONS_EG_BTU.COW-AK-94.A,0,33,374,405,790,,,,,ELEC.CONS_EG_BTU.COW-94.A
ELEC.CONS_EG_BTU.PEL-AK-94.A,0,33,374,405,791,,,,,ELEC.CONS_EG_BTU.PEL-94.A
ELEC.CONS_EG_BTU.PC-CA-94.A,0,33,374,405,792,,,,,ELEC.CONS_EG_BTU.PC-94.A
ELEC.CONS_EG_BTU.NG-AL-94.A,0,33,374,405,793,,,,,ELEC.CONS_EG_BTU.NG-94.A
ELEC.CONS_EG_BTU.COW-AR-2.A,0,33,374,406,794,,,,,ELEC.CONS_EG_BTU.COW-2.A
ELEC.CONS_EG_BTU.PEL-AK-2.A,0,33,374,406,795,,,,,ELEC.CONS_EG_BTU.PEL-2.A
ELEC.CONS_EG_BTU.PC-CA-2.A,0,33,374,406,796,,,,,ELEC.CONS_EG_BTU.PC-2.A
ELEC.CONS_EG_BTU.NG-AL-2.A,0,33,374,406,797,,,,,ELEC.CONS_EG_BTU.NG-2.A
ELEC.CONS_EG_BTU.COW-AK-3.A,0,33,374,407,798,,,,,ELEC.CONS_EG_BTU.COW-3.A
ELEC.CONS_EG_BTU.PEL-AK-3.A,0,33,374,407,799,,,,,ELEC.CONS_EG_BTU.PEL-3.A
ELEC.CONS_EG_BTU.PC-CA-3.A,0,33,374,407,800,,,,,ELEC.CONS_EG_BTU.PC-3.A
ELEC.CONS_EG_BTU.NG-AL-3.A,0,33,374,407,801,,,,,ELEC.CONS_EG_BTU.NG-3.A
ELEC.CONS_EG_BTU.COW-AK-96.A,0,33,374,408,802,,,,,ELEC.CONS_EG_BTU.COW-96.A
ELEC.CONS_EG_BTU.PEL-AK-96.A,0,33,374,408,803,,,,,ELEC.CONS_EG_BTU.PEL-96.A
ELEC.CONS_EG_BTU.PC-IA-96.A,0,33,374,408,804,,,,,ELEC.CONS_EG_BTU.PC-96.A
ELEC.CONS_EG_BTU.NG-AK-96.A,0,33,374,408,805,,,,,ELEC.CONS_EG_BTU.NG-96.A
ELEC.CONS_EG_BTU.COW-AK-4.A,0,33,374,409,806,,,,,ELEC.CONS_EG_BTU.COW-4.A
ELEC.CONS_EG_BTU.PEL-AK-4.A,0,33,374,409,807,,,,,ELEC.CONS_EG_BTU.PEL-4.A
ELEC.CONS_EG_BTU.NG-AK-4.A,0,33,374,409,809,,,,,ELEC.CONS_EG_BTU.NG-4.A
ELEC.CONS_EG_BTU.COW-AK-5.A,0,33,374,410,810,,,,,ELEC.CONS_EG_BTU.COW-5.A
ELEC.CONS_EG_BTU.PEL-AK-5.A,0,33,374,410,811,,,,,ELEC.CONS_EG_BTU.PEL-5.A
ELEC.CONS_EG_BTU.PC-IA-5.A,0,33,374,410,812,,,,,ELEC.CONS_EG_BTU.PC-5.A
ELEC.COST_BTU.COW-AL-98.M,0,41141,41152,41418,41773,,,,,ELEC.COST_BTU.COW-98.A
ELEC.COST_BTU.BIT-US-98.A,0,41141,41152,41418,41774,,,,,ELEC.COST_BTU.BIT-98.A
ELEC.COST_BTU.SUB-US-98.A,0,41141,41152,41418,41775,,,,,ELEC.COST_BTU.SUB-98.A
ELEC.COST_BTU.LIG-US-98.A,0,41141,41152,41418,41776,,,,,ELEC.COST_BTU.LIG-98.A
ELEC.COST_BTU.PEL-AK-98.M,0,41141,41152,41418,41777,,,,,ELEC.COST_BTU.PEL-98.A
ELEC.COST_BTU.PC-CA-98.A,0,41141,41152,41418,41778,,,,,ELEC.COST_BTU.PC-98.A
ELEC.COST_BTU.NG-AK-98.M,0,41141,41152,41418,41779,,,,,ELEC.COST_BTU.NG-98.A
ELEC.COST_BTU.COW-AK-1.A,0,41141,41152,41419,41780,,,,,ELEC.COST_BTU.COW-1.A
ELEC.COST_BTU.BIT-AL-1.A,0,41141,41152,41419,41781,,,,,ELEC.COST_BTU.BIT-1.A
ELEC.COST_BTU.SUB-AK-1.A,0,41141,41152,41419,41782,,,,,ELEC.COST_BTU.SUB-1.A
ELEC.COST_BTU.LIG-LA-1.A,0,41141,41152,41419,41783,,,,,ELEC.COST_BTU.LIG-1.A
ELEC.COST_BTU.PEL-AK-1.A,0,41141,41152,41419,41784,,,,,ELEC.COST_BTU.PEL-1.A
ELEC.COST_BTU.PC-ENC-1.A,0,41141,41152,41419,41785,,,,,ELEC.COST_BTU.PC-1.A
ELEC.COST_BTU.NG-AK-1.A,0,41141,41152,41419,41786,,,,,ELEC.COST_BTU.NG-1.A
ELEC.CONS_UTO_BTU.PEL-AK-98.A,0,34,376,418,827,,,,,ELEC.CONS_UTO_BTU.PEL-98.A
ELEC.CONS_UTO_BTU.PC-CA-98.A,0,34,376,418,828,,,,,ELEC.CONS_UTO_BTU.PC-98.A
ELEC.CONS_UTO_BTU.NG-AL-98.A,0,34,376,418,829,,,,,ELEC.CONS_UTO_BTU.NG-98.A
ELEC.COST_BTU.LIG-US-94.A,0,41141,41152,41420,41790,,,,,ELEC.COST_BTU.LIG-94.A
ELEC.CONS_EG_BTU.NG-AK-6.A,0,33,374,412,821,,,,,ELEC.CONS_EG_BTU.NG-6.A
ELEC.COST_BTU.PC-CA-94.A,0,41141,41152,41420,41792,,,,,ELEC.COST_BTU.PC-94.A
ELEC.COST_BTU.NG-AL-94.A,0,41141,41152,41420,41793,,,,,ELEC.COST_BTU.NG-94.A
ELEC.COST_BTU.COW-US-2.A,0,41141,41152,41421,41794,,,,,ELEC.COST_BTU.COW-2.A
ELEC.COST_BTU.BIT-US-2.A,0,41141,41152,41421,41795,,,,,ELEC.COST_BTU.BIT-2.A
ELEC.COST_BTU.SUB-US-2.A,0,41141,41152,41421,41796,,,,,ELEC.COST_BTU.SUB-2.A
ELEC.COST_BTU.LIG-US-2.A,0,41141,41152,41421,41797,,,,,ELEC.COST_BTU.LIG-2.A
ELEC.COST_BTU.PEL-US-2.A,0,41141,41152,41421,41798,,,,,ELEC.COST_BTU.PEL-2.A
ELEC.COST_BTU.PC-US-2.A,0,41141,41152,41421,41799,,,,,ELEC.COST_BTU.PC-2.A
ELEC.COST_BTU.NG-US-2.A,0,41141,41152,41421,41800,,,,,ELEC.COST_BTU.NG-2.A
ELEC.COST_BTU.COW-US-3.A,0,41141,41152,41422,41801,,,,,ELEC.COST_BTU.COW-3.A
ELEC.COST_BTU.BIT-US-3.A,0,41141,41152,41422,41802,,,,,ELEC.COST_BTU.BIT-3.A
ELEC.COST_BTU.SUB-US-3.A,0,41141,41152,41422,41803,,,,,ELEC.COST_BTU.SUB-3.A
ELEC.CONS_UTO_BTU.PC-CA-3.A,0,34,376,422,844,,,,,ELEC.CONS_UTO_BTU.PC-3.A
ELEC.COST_BTU.PEL-US-3.A,0,41141,41152,41422,41805,,,,,ELEC.COST_BTU.PEL-3.A
ELEC.COST_BTU.PC-US-3.A,0,41141,41152,41422,41806,,,,,ELEC.COST_BTU.PC-3.A
ELEC.COST_BTU.NG-US-3.A,0,41141,41152,41422,41807,,,,,ELEC.COST_BTU.NG-3.A
ELEC.CONS_UTO_BTU.PC-IA-96.A,0,34,376,423,848,,,,,ELEC.CONS_UTO_BTU.PC-96.A
ELEC.CONS_EG_BTU.PC-AR-7.A,0,33,374,413,824,,,,,ELEC.CONS_EG_BTU.PC-7.A
ELEC.CONS_EG_BTU.NG-AK-97.A,0,33,374,411,817,,,,,ELEC.CONS_EG_BTU.NG-97.A
ELEC.COST_BTU.PEL-US-96.A,0,41141,41152,41423,41812,,,,,ELEC.COST_BTU.PEL-96.A
ELEC.CONS_UTO_BTU.NG-MAT-4.A,0,34,376,424,853,,,,,ELEC.CONS_UTO_BTU.NG-4.A
ELEC.CONS_UTO_BTU.COW-AK-5.A,0,34,376,425,854,,,,,ELEC.CONS_UTO_BTU.COW-5.A
ELEC.CONS_EG_BTU.NG-AK-7.A,0,33,374,413,825,,,,,ELEC.CONS_EG_BTU.NG-7.A
ELEC.CONS_UTO_BTU.PC-IA-5.A,0,34,376,425,856,,,,,ELEC.CONS_UTO_BTU.PC-5.A
ELEC.CONS_UTO_BTU.NG-AK-5.A,0,34,376,425,857,,,,,ELEC.CONS_UTO_BTU.NG-5.A
ELEC.CONS_UTO_BTU.COW-AL-97.A,0,34,376,426,858,,,,,ELEC.CONS_UTO_BTU.COW-97.A
ELEC.CONS_UTO_BTU.PEL-AK-97.A,0,34,376,426,859,,,,,ELEC.CONS_UTO_BTU.PEL-97.A
ELEC.CONS_UTO_BTU.PC-AR-97.A,0,34,376,426,860,,,,,ELEC.CONS_UTO_BTU.PC-97.A
ELEC.CONS_UTO_BTU.COW-AK-98.A,0,34,376,418,826,,,,,ELEC.CONS_UTO_BTU.COW-98.A
ELEC.COST_BTU.COW-US-5.A,0,41141,41152,41425,41822,,,,,ELEC.COST_BTU.COW-5.A
ELEC.COST_BTU.BIT-US-5.A,0,41141,41152,41425,41823,,,,,ELEC.COST_BTU.BIT-5.A
ELEC.COST_BTU.SUB-US-5.A,0,41141,41152,41425,41824,,,,,ELEC.COST_BTU.SUB-5.A
ELEC.COST_BTU.PEL-US-5.A,0,41141,41152,41425,41826,,,,,ELEC.COST_BTU.PEL-5.A
ELEC.COST_BTU.PC-US-5.A,0,41141,41152,41425,41827,,,,,ELEC.COST_BTU.PC-5.A
ELEC.COST_BTU.NG-US-5.A,0,41141,41152,41425,41828,,,,,ELEC.COST_BTU.NG-5.A
ELEC.CONS_EG_BTU.NG-AK-5.A,0,33,374,410,813,,,,,ELEC.CONS_EG_BTU.NG-5.A
ELEC.CONS_TOT.COW-AK-98.A,0,35,378,433,870,,,,,ELEC.CONS_TOT.COW-98.A
ELEC.CONS_TOT.PEL-AK-98.A,0,35,378,433,871,,,,,ELEC.CONS_TOT.PEL-98.A
ELEC.CONS_TOT.PC-CA-98.A,0,35,378,433,872,,,,,ELEC.CONS_TOT.PC-98.A
ELEC.CONS_TOT.NG-AK-98.A,0,35,378,433,873,,,,,ELEC.CONS_TOT.NG-98.A
ELEC.CONS_TOT.COW-AK-1.A,0,35,378,434,874,,,,,ELEC.CONS_TOT.COW-1.A
ELEC.CONS_TOT.PEL-AK-1.A,0,35,378,434,875,,,,,ELEC.CONS_TOT.PEL-1.A
ELEC.COST_BTU.COW-US-6.A,0,41141,41152,41427,41836,,,,,ELEC.COST_BTU.COW-6.A
ELEC.COST_BTU.BIT-US-6.A,0,41141,41152,41427,41837,,,,,ELEC.COST_BTU.BIT-6.A
ELEC.COST_BTU.SUB-US-6.A,0,41141,41152,41427,41838,,,,,ELEC.COST_BTU.SUB-6.A
ELEC.COST_BTU.LIG-US-6.A,0,41141,41152,41427,41839,,,,,ELEC.COST_BTU.LIG-6.A
ELEC.COST_BTU.PEL-US-6.A,0,41141,41152,41427,41840,,,,,ELEC.COST_BTU.PEL-6.A
ELEC.CONS_TOT.NG-AL-94.A,0,35,378,435,881,,,,,ELEC.CONS_TOT.NG-94.A
ELEC.COST_BTU.NG-US-6.A,0,41141,41152,41427,41842,,,,,ELEC.COST_BTU.NG-6.A
ELEC.CONS_TOT.PEL-AK-2.A,0,35,378,436,883,,,,,ELEC.CONS_TOT.PEL-2.A
ELEC.CONS_TOT.PC-CA-2.A,0,35,378,436,884,,,,,ELEC.CONS_TOT.PC-2.A
ELEC.CONS_TOT.NG-AL-2.A,0,35,378,436,885,,,,,ELEC.CONS_TOT.NG-2.A
ELEC.CONS_TOT.COW-AK-3.A,0,35,378,437,886,,,,,ELEC.CONS_TOT.COW-3.A
ELEC.CONS_TOT.PEL-AK-3.A,0,35,378,437,887,,,,,ELEC.CONS_TOT.PEL-3.A
ELEC.CONS_TOT.PC-CA-3.A,0,35,378,437,888,,,,,ELEC.CONS_TOT.PC-3.A
ELEC.CONS_TOT.NG-AL-3.A,0,35,378,437,889,,,,,ELEC.CONS_TOT.NG-3.A
ELEC.CONS_TOT.COW-AK-96.A,0,35,378,438,890,,,,,ELEC.CONS_TOT.COW-96.A
ELEC.CONS_TOT.PEL-AK-96.A,0,35,378,438,891,,,,,ELEC.CONS_TOT.PEL-96.A
ELEC.CONS_TOT.PC-IA-96.A,0,35,378,438,892,,,,,ELEC.CONS_TOT.PC-96.A
ELEC.CONS_TOT.NG-AK-96.A,0,35,378,438,893,,,,,ELEC.CONS_TOT.NG-96.A
ELEC.CONS_TOT.COW-AK-4.A,0,35,378,439,894,,,,,ELEC.CONS_TOT.COW-4.A
ELEC.CONS_TOT.PEL-AK-4.A,0,35,378,439,895,,,,,ELEC.CONS_TOT.PEL-4.A
ELEC.CONS_TOT.NG-AK-4.A,0,35,378,439,897,,,,,ELEC.CONS_TOT.NG-4.A
ELEC.CONS_TOT.COW-AK-5.A,0,35,378,440,898,,,,,ELEC.CONS_TOT.COW-5.A
ELEC.CONS_EG_BTU.COW-AL-97.A,0,33,374,411,814,,,,,ELEC.CONS_EG_BTU.COW-97.A
ELEC.CONS_TOT.PC-IA-5.A,0,35,378,440,900,,,,,ELEC.CONS_TOT.PC-5.A
ELEC.CONS_TOT.NG-AK-5.A,0,35,378,440,901,,,,,ELEC.CONS_TOT.NG-5.A
ELEC.CONS_TOT.COW-AL-97.A,0,35,378,441,902,,,,,ELEC.CONS_TOT.COW-97.A
ELEC.CONS_TOT.PEL-AK-97.A,0,35,378,441,903,,,,,ELEC.CONS_TOT.PEL-97.A
ELEC.CONS_TOT.PC-AR-97.A,0,35,378,441,904,,,,,ELEC.CONS_TOT.PC-97.A
ELEC.CONS_TOT.NG-AK-97.A,0,35,378,441,905,,,,,ELEC.CONS_TOT.NG-97.A
ELEC.CONS_TOT.COW-ENC-6.A,0,35,378,442,906,,,,,ELEC.CONS_TOT.COW-6.A
ELEC.CONS_TOT.PEL-AK-6.A,0,35,378,442,907,,,,,ELEC.CONS_TOT.PEL-6.A
ELEC.CONS_TOT.PC-LA-6.A,0,35,378,442,908,,,,,ELEC.CONS_TOT.PC-6.A
ELEC.CONS_UTO_BTU.COW-AK-94.A,0,34,376,420,834,,,,,ELEC.CONS_UTO_BTU.COW-94.A
ELEC.CONS_TOT.COW-AL-7.A,0,35,378,443,910,,,,,ELEC.CONS_TOT.COW-7.A
ELEC.CONS_TOT.PEL-AK-7.A,0,35,378,443,911,,,,,ELEC.CONS_TOT.PEL-7.A
ELEC.CONS_TOT.PC-AR-7.A,0,35,378,443,912,,,,,ELEC.CONS_TOT.PC-7.A
ELEC.CONS_TOT.NG-AK-7.A,0,35,378,443,913,,,,,ELEC.CONS_TOT.NG-7.A
ELEC.CONS_EG.COW-AK-98.A,0,36,380,448,914,,,,,ELEC.CONS_EG.COW-98.A
ELEC.CONS_UTO_BTU.PEL-AK-94.A,0,34,376,420,835,,,,,ELEC.CONS_UTO_BTU.PEL-94.A
ELEC.CONS_EG.PC-CA-98.A,0,36,380,448,916,,,,,ELEC.CONS_EG.PC-98.A
ELEC.CONS_EG.NG-AK-98.A,0,36,380,448,917,,,,,ELEC.CONS_EG.NG-98.A
ELEC.CONS_EG.COW-AK-1.A,0,36,380,449,918,,,,,ELEC.CONS_EG.COW-1.A
ELEC.CONS_EG.PEL-AK-1.A,0,36,380,449,919,,,,,ELEC.CONS_EG.PEL-1.A
ELEC.CONS_EG.PC-ENC-1.A,0,36,380,449,920,,,,,ELEC.CONS_EG.PC-1.A
ELEC.CONS_UTO_BTU.PC-CA-94.A,0,34,376,420,836,,,,,ELEC.CONS_UTO_BTU.PC-94.A
ELEC.CONS_EG.COW-AK-94.A,0,36,380,450,922,,,,,ELEC.CONS_EG.COW-94.A
ELEC.CONS_EG.PEL-AK-94.A,0,36,380,450,923,,,,,ELEC.CONS_EG.PEL-94.A
ELEC.CONS_EG.PC-CA-94.A,0,36,380,450,924,,,,,ELEC.CONS_EG.PC-94.A
ELEC.CONS_EG.NG-AL-94.A,0,36,380,450,925,,,,,ELEC.CONS_EG.NG-94.A
ELEC.CONS_UTO_BTU.NG-AK-96.A,0,34,376,423,849,,,,,ELEC.CONS_UTO_BTU.NG-96.A
ELEC.CONS_UTO_BTU.NG-AL-94.A,0,34,376,420,837,,,,,ELEC.CONS_UTO_BTU.NG-94.A
ELEC.CONS_EG.PC-CA-2.A,0,36,380,451,928,,,,,ELEC.CONS_EG.PC-2.A
ELEC.CONS_EG_BTU.PEL-AK-97.A,0,33,374,411,815,,,,,ELEC.CONS_EG_BTU.PEL-97.A
ELEC.CONS_EG.COW-AK-3.A,0,36,380,452,930,,,,,ELEC.CONS_EG.COW-3.A
ELEC.CONS_EG.PEL-AK-3.A,0,36,380,452,931,,,,,ELEC.CONS_EG.PEL-3.A
ELEC.CONS_EG.PC-CA-3.A,0,36,380,452,932,,,,,ELEC.CONS_EG.PC-3.A
ELEC.CONS_EG.NG-AL-3.A,0,36,380,452,933,,,,,ELEC.CONS_EG.NG-3.A
ELEC.CONS_EG.COW-AK-96.A,0,36,380,453,934,,,,,ELEC.CONS_EG.COW-96.A
ELEC.CONS_EG.PEL-AK-96.A,0,36,380,453,935,,,,,ELEC.CONS_EG.PEL-96.A
ELEC.CONS_EG.PC-IA-96.A,0,36,380,453,936,,,,,ELEC.CONS_EG.PC-96.A
ELEC.CONS_EG.NG-AK-96.A,0,36,380,453,937,,,,,ELEC.CONS_EG.NG-96.A
ELEC.CONS_EG.COW-AK-4.A,0,36,380,454,938,,,,,ELEC.CONS_EG.COW-4.A
ELEC.CONS_EG.PEL-AK-4.A,0,36,380,454,939,,,,,ELEC.CONS_EG.PEL-4.A
ELEC.CONS_EG.NG-AK-4.A,0,36,380,454,941,,,,,ELEC.CONS_EG.NG-4.A
ELEC.CONS_EG.COW-AK-5.A,0,36,380,455,942,,,,,ELEC.CONS_EG.COW-5.A
ELEC.CONS_EG.PEL-AK-5.A,0,36,380,455,943,,,,,ELEC.CONS_EG.PEL-5.A
ELEC.CONS_EG.PC-IA-5.A,0,36,380,455,944,,,,,ELEC.CONS_EG.PC-5.A
ELEC.CONS_EG.NG-AK-5.A,0,36,380,455,945,,,,,ELEC.CONS_EG.NG-5.A
ELEC.CONS_EG.COW-AL-97.A,0,36,380,456,946,,,,,ELEC.CONS_EG.COW-97.A
ELEC.CONS_EG.PEL-AK-97.A,0,36,380,456,947,,,,,ELEC.CONS_EG.PEL-97.A
ELEC.CONS_EG.PC-AR-97.A,0,36,380,456,948,,,,,ELEC.CONS_EG.PC-97.A
ELEC.CONS_EG.NG-AK-97.A,0,36,380,456,949,,,,,ELEC.CONS_EG.NG-97.A
ELEC.CONS_EG.COW-ENC-6.A,0,36,380,457,950,,,,,ELEC.CONS_EG.COW-6.A
ELEC.CONS_EG.PEL-AK-6.A,0,36,380,457,951,,,,,ELEC.CONS_EG.PEL-6.A
ELEC.CONS_EG.PC-LA-6.A,0,36,380,457,952,,,,,ELEC.CONS_EG.PC-6.A
ELEC.CONS_EG.NG-AK-6.A,0,36,380,457,953,,,,,ELEC.CONS_EG.NG-6.A
ELEC.CONS_EG.COW-AL-7.A,0,36,380,458,954,,,,,ELEC.CONS_EG.COW-7.A
ELEC.CONS_EG.PEL-AK-7.A,0,36,380,458,955,,,,,ELEC.CONS_EG.PEL-7.A
ELEC.CONS_EG.PC-AR-7.A,0,36,380,458,956,,,,,ELEC.CONS_EG.PC-7.A
ELEC.CONS_UTO_BTU.COW-AK-3.A,0,34,376,422,842,,,,,ELEC.CONS_UTO_BTU.COW-3.A
ELEC.CONS_UTO.COW-AK-98.A,0,37,382,463,958,,,,,ELEC.CONS_UTO.COW-98.A
ELEC.CONS_UTO.PEL-AK-98.A,0,37,382,463,959,,,,,ELEC.CONS_UTO.PEL-98.A
ELEC.CONS_UTO.PC-CA-98.A,0,37,382,463,960,,,,,ELEC.CONS_UTO.PC-98.A
ELEC.CONS_UTO.NG-AL-98.A,0,37,382,463,961,,,,,ELEC.CONS_UTO.NG-98.A
ELEC.CONS_UTO_BTU.PEL-AK-3.A,0,34,376,422,843,,,,,ELEC.CONS_UTO_BTU.PEL-3.A
ELEC.CONS_UTO.COW-AK-94.A,0,37,382,465,965,,,,,ELEC.CONS_UTO.COW-94.A
ELEC.CONS_UTO.PEL-AK-94.A,0,37,382,465,966,,,,,ELEC.CONS_UTO.PEL-94.A
ELEC.CONS_UTO.PC-CA-94.A,0,37,382,465,967,,,,,ELEC.CONS_UTO.PC-94.A
ELEC.CONS_UTO.NG-AL-94.A,0,37,382,465,968,,,,,ELEC.CONS_UTO.NG-94.A
ELEC.SULFUR_CONTENT.SUB-AK-98.A,0,41142,41154,41436,41929,,,,,ELEC.SULFUR_CONTENT.SUB-98.A
ELEC.SULFUR_CONTENT.LIG-ESC-98.A,0,41142,41154,41436,41930,,,,,ELEC.SULFUR_CONTENT.LIG-98.A
ELEC.SULFUR_CONTENT.PEL-AK-98.A,0,41142,41154,41436,41931,,,,,ELEC.SULFUR_CONTENT.PEL-98.A
ELEC.SULFUR_CONTENT.PC-CA-98.A,0,41142,41154,41436,41932,,,,,ELEC.SULFUR_CONTENT.PC-98.A
ELEC.CONS_UTO.COW-AK-3.A,0,37,382,467,973,,,,,ELEC.CONS_UTO.COW-3.A
ELEC.CONS_UTO.PEL-AK-3.A,0,37,382,467,974,,,,,ELEC.CONS_UTO.PEL-3.A
ELEC.CONS_UTO_BTU.NG-AL-3.A,0,34,376,422,845,,,,,ELEC.CONS_UTO_BTU.NG-3.A
ELEC.CONS_UTO.NG-AL-3.A,0,37,382,467,976,,,,,ELEC.CONS_UTO.NG-3.A
ELEC.CONS_UTO.COW-AK-96.A,0,37,382,468,977,,,,,ELEC.CONS_UTO.COW-96.A
ELEC.CONS_UTO.PEL-AK-96.A,0,37,382,468,978,,,,,ELEC.CONS_UTO.PEL-96.A
ELEC.CONS_UTO.PC-IA-96.A,0,37,382,468,979,,,,,ELEC.CONS_UTO.PC-96.A
ELEC.CONS_UTO.NG-AK-96.A,0,37,382,468,980,,,,,ELEC.CONS_UTO.NG-96.A
ELEC.CONS_UTO_BTU.COW-AK-96.A,0,34,376,423,846,,,,,ELEC.CONS_UTO_BTU.COW-96.A
ELEC.CONS_UTO.PEL-MAT-4.A,0,37,382,469,982,,,,,ELEC.CONS_UTO.PEL-4.A
ELEC.SULFUR_CONTENT.SUB-AK-94.A,0,41142,41154,41438,41943,,,,,ELEC.SULFUR_CONTENT.SUB-94.A
ELEC.CONS_UTO.NG-MAT-4.A,0,37,382,469,984,,,,,ELEC.CONS_UTO.NG-4.A
ELEC.CONS_UTO.COW-AK-5.A,0,37,382,470,985,,,,,ELEC.CONS_UTO.COW-5.A
ELEC.CONS_UTO.PEL-AK-5.A,0,37,382,470,986,,,,,ELEC.CONS_UTO.PEL-5.A
ELEC.CONS_UTO.PC-IA-5.A,0,37,382,470,987,,,,,ELEC.CONS_UTO.PC-5.A
ELEC.CONS_UTO.NG-AK-5.A,0,37,382,470,988,,,,,ELEC.CONS_UTO.NG-5.A
ELEC.CONS_UTO.COW-AL-97.A,0,37,382,471,989,,,,,ELEC.CONS_UTO.COW-97.A
ELEC.CONS_UTO.PEL-AK-97.A,0,37,382,471,990,,,,,ELEC.CONS_UTO.PEL-97.A
ELEC.CONS_UTO.PC-AR-97.A,0,37,382,471,991,,,,,ELEC.CONS_UTO.PC-97.A
ELEC.CONS_UTO.NG-AK-97.A,0,37,382,471,992,,,,,ELEC.CONS_UTO.NG-97.A
ELEC.COST_BTU.COW-ENC-96.M,0,41141,41152,41423,41808,,,,,ELEC.COST_BTU.COW-96.A
ELEC.SULFUR_CONTENT.COW-AK-3.A,0,41142,41154,41440,41955,,,,,ELEC.SULFUR_CONTENT.COW-3.A
ELEC.SULFUR_CONTENT.BIT-AL-3.A,0,41142,41154,41440,41956,,,,,ELEC.SULFUR_CONTENT.BIT-3.A
ELEC.CONS_UTO.COW-AL-7.A,0,37,382,473,997,,,,,ELEC.CONS_UTO.COW-7.A
ELEC.CONS_UTO.PEL-AK-7.A,0,37,382,473,998,,,,,ELEC.CONS_UTO.PEL-7.A
ELEC.CONS_UTO.PC-AR-7.A,0,37,382,473,999,,,,,ELEC.CONS_UTO.PC-7.A
ELEC.CONS_UTO.NG-AK-7.A,0,37,382,473,1000,,,,,ELEC.CONS_UTO.NG-7.A
ELEC.SULFUR_CONTENT.COW-AK-96.A,0,41142,41154,41441,41962,,,,,ELEC.SULFUR_CONTENT.COW-96.A
ELEC.SULFUR_CONTENT.BIT-ENC-96.A,0,41142,41154,41441,41963,,,,,ELEC.SULFUR_CONTENT.BIT-96.A
ELEC.SULFUR_CONTENT.SUB-AK-96.A,0,41142,41154,41441,41964,,,,,ELEC.SULFUR_CONTENT.SUB-96.A
ELEC.COST_BTU.SUB-US-96.A,0,41141,41152,41423,41810,,,,,ELEC.COST_BTU.SUB-96.A
ELEC.SULFUR_CONTENT.PEL-AK-96.A,0,41142,41154,41441,41966,,,,,ELEC.SULFUR_CONTENT.PEL-96.A
ELEC.SULFUR_CONTENT.PC-IA-96.A,0,41142,41154,41441,41967,,,,,ELEC.SULFUR_CONTENT.PC-96.A
ELEC.SULFUR_CONTENT.PEL-AZ-4.M,0,41142,41154,41442,41973,,,,,ELEC.SULFUR_CONTENT.PEL-4.A
ELEC.SULFUR_CONTENT.COW-AK-5.A,0,41142,41154,41443,41976,,,,,ELEC.SULFUR_CONTENT.COW-5.A
ELEC.SULFUR_CONTENT.BIT-ENC-5.A,0,41142,41154,41443,41977,,,,,ELEC.SULFUR_CONTENT.BIT-5.A
ELEC.SULFUR_CONTENT.SUB-AK-5.A,0,41142,41154,41443,41978,,,,,ELEC.SULFUR_CONTENT.SUB-5.A
ELEC.CONS_EG_BTU.COW-ENC-6.A,0,33,374,412,818,,,,,ELEC.CONS_EG_BTU.COW-6.A
ELEC.SULFUR_CONTENT.PEL-AK-5.A,0,41142,41154,41443,41980,,,,,ELEC.SULFUR_CONTENT.PEL-5.A
ELEC.SULFUR_CONTENT.PC-IA-5.A,0,41142,41154,41443,41981,,,,,ELEC.SULFUR_CONTENT.PC-5.A
ELEC.COST_BTU.PC-US-96.A,0,41141,41152,41423,41813,,,,,ELEC.COST_BTU.PC-96.A
